,concept,overall_mean,overall_sd,overall_scores,last_quarter_mean,last_quarter_sd,last_quarter_scores
0,hg01,0.9458874458874459,0.020111630396488243,"[0.9523809523809523, 0.9365079365079365, 0.9523809523809523, 0.9523809523809523, 0.9523809523809523, 0.9682539682539683, 0.9206349206349206, 0.9523809523809523, 0.9523809523809523, 0.9365079365079365, 0.8888888888888888, 0.9365079365079365, 0.9206349206349206, 0.9365079365079365, 0.9365079365079365, 0.9365079365079365, 0.9841269841269841, 0.9682539682539683, 0.9523809523809523, 0.9682539682539683, 0.9365079365079365, 0.9682539682539683]",0.9971590909090909,0.01301868095157909,"[1.0, 1.0, 1.0, 1.0, 1.0, 1.0, 1.0, 1.0, 1.0, 1.0, 0.9375, 1.0, 1.0, 1.0, 1.0, 1.0, 1.0, 1.0, 1.0, 1.0, 1.0, 1.0]"
1,hg02,0.864102564102564,0.15084683159059206,"[0.9230769230769231, 0.9102564102564102, 1.0, 0.9358974358974359, 0.7564102564102564, 0.7051282051282052, 0.6666666666666666, 0.8333333333333334, 0.8717948717948718, 0.9487179487179487, 0.9102564102564102, 0.8589743589743589, 0.9743589743589743, 0.9230769230769231, 0.8974358974358975, 1.0, 0.8974358974358975, 0.3333333333333333, 0.9743589743589743, 0.9615384615384616]",0.9324999999999999,0.1741228014936585,"[1.0, 1.0, 1.0, 1.0, 0.85, 0.85, 0.7, 1.0, 1.0, 1.0, 1.0, 1.0, 1.0, 1.0, 1.0, 1.0, 1.0, 0.25, 1.0, 1.0]"
2,hg03,0.934092434532146,0.07942516156831084,"[0.926829268292683, 0.975609756097561, 0.9634146341463414, 0.9024390243902439, 0.926829268292683, 0.9878048780487805, 0.9512195121951219, 0.9634146341463414, 0.9146341463414634, 0.5633802816901409, 0.9512195121951219, 0.8902439024390244, 0.9634146341463414, 0.975609756097561, 0.9634146341463414, 0.975609756097561, 0.9230769230769231, 0.9634146341463414, 0.9634146341463414, 0.9512195121951219, 0.975609756097561, 0.9512195121951219, 0.926829268292683, 0.9512195121951219, 0.9512195121951219]",0.9695798319327732,0.10040797444418334,"[1.0, 1.0, 1.0, 0.9047619047619048, 1.0, 1.0, 1.0, 1.0, 1.0, 0.5, 0.9523809523809523, 1.0, 1.0, 1.0, 1.0, 1.0, 0.8823529411764706, 1.0, 1.0, 1.0, 1.0, 1.0, 1.0, 1.0, 1.0]"
3,hg04,0.9175324675324673,0.11525013678667492,"[0.9428571428571428, 0.9714285714285714, 0.9285714285714286, 0.9571428571428572, 0.44285714285714284, 0.9714285714285714, 0.9714285714285714, 0.9714285714285714, 0.9428571428571428, 0.9142857142857143, 0.9142857142857143, 0.9714285714285714, 0.7285714285714285, 0.9714285714285714, 0.9714285714285714, 0.9571428571428572, 0.9428571428571428, 0.9571428571428572, 0.9571428571428572, 0.9, 0.9571428571428572, 0.9428571428571428]",0.9671717171717172,0.11922294579911992,"[1.0, 1.0, 1.0, 1.0, 0.4444444444444444, 1.0, 1.0, 1.0, 1.0, 1.0, 1.0, 1.0, 0.8333333333333334, 1.0, 1.0, 1.0, 1.0, 1.0, 1.0, 1.0, 1.0, 1.0]"
4,hg05,0.9232209737827716,0.0727209282357588,"[0.9213483146067416, 0.9213483146067416, 0.9438202247191011, 0.9438202247191011, 0.9550561797752809, 0.9325842696629213, 0.9325842696629213, 0.9775280898876404, 0.9662921348314607, 0.6292134831460674, 0.9550561797752809, 0.9550561797752809, 0.9325842696629213, 0.9101123595505618, 0.8202247191011236, 0.9550561797752809, 0.9550561797752809, 0.9325842696629213, 0.8314606741573034, 0.9662921348314607, 0.9662921348314607, 0.9438202247191011, 0.9101123595505618, 1.0]",0.9619565217391304,0.09501807276770549,"[1.0, 1.0, 0.9565217391304348, 1.0, 1.0, 1.0, 1.0, 1.0, 0.9565217391304348, 0.5652173913043478, 1.0, 1.0, 1.0, 1.0, 0.9565217391304348, 1.0, 0.9130434782608695, 0.9565217391304348, 1.0, 1.0, 1.0, 1.0, 0.782608695652174, 1.0]"
5,hg06,0.8249721293199552,0.12940402065244277,"[0.8974358974358975, 0.8717948717948718, 0.9615384615384616, 0.8076923076923077, 0.8974358974358975, 0.7564102564102564, 0.6794871794871795, 0.5256410256410257, 0.5641025641025641, 0.8076923076923077, 0.5384615384615384, 0.8589743589743589, 0.8846153846153846, 0.9743589743589743, 0.9230769230769231, 0.8846153846153846, 0.9358974358974359, 0.8974358974358975, 0.8589743589743589, 0.8974358974358975, 0.7307692307692307, 0.9102564102564102, 0.9102564102564102]",0.8869565217391304,0.16366548021494529,"[1.0, 1.0, 1.0, 0.75, 1.0, 0.85, 0.75, 0.4, 0.6, 0.85, 0.8, 1.0, 1.0, 1.0, 1.0, 1.0, 1.0, 1.0, 0.9, 1.0, 0.6, 1.0, 0.9]"
6,hg07,0.8927738927738926,0.11842317758396774,"[0.7948717948717948, 0.8717948717948718, 0.9743589743589743, 0.9230769230769231, 0.9743589743589743, 0.5897435897435898, 0.8974358974358975, 0.9615384615384616, 0.9871794871794872, 0.9230769230769231, 0.7051282051282052, 0.9358974358974359, 0.9358974358974359, 0.9230769230769231, 0.9102564102564102, 0.9615384615384616, 0.9358974358974359, 0.9871794871794872, 0.9615384615384616, 0.5641025641025641, 0.9615384615384616, 0.9615384615384616]",0.9568181818181819,0.1151041569281873,"[0.9, 1.0, 1.0, 1.0, 1.0, 0.6, 1.0, 1.0, 1.0, 1.0, 1.0, 1.0, 0.95, 1.0, 1.0, 1.0, 1.0, 1.0, 1.0, 0.6, 1.0, 1.0]"
7,hg08,0.8624657534246575,0.13961747058821444,"[0.9315068493150684, 0.8767123287671232, 0.9726027397260274, 0.9452054794520548, 0.9452054794520548, 0.9178082191780822, 0.8356164383561644, 0.5753424657534246, 0.821917808219178, 0.9452054794520548, 0.9726027397260274, 0.4794520547945205, 0.6575342465753424, 0.9452054794520548, 0.821917808219178, 0.8904109589041096, 0.958904109589041, 0.8904109589041096, 0.821917808219178, 0.958904109589041, 0.9315068493150684, 0.5616438356164384, 0.9315068493150684, 0.9863013698630136, 0.9863013698630136]",0.9305263157894736,0.1702011194223809,"[1.0, 1.0, 1.0, 1.0, 1.0, 1.0, 1.0, 0.5789473684210527, 1.0, 1.0, 1.0, 0.3157894736842105, 0.6842105263157895, 1.0, 1.0, 1.0, 1.0, 1.0, 1.0, 1.0, 1.0, 0.6842105263157895, 1.0, 1.0, 1.0]"
8,hg09,0.8862876254180602,0.13679706579409737,"[0.9358974358974359, 0.9230769230769231, 0.9102564102564102, 0.9358974358974359, 0.9871794871794872, 0.9358974358974359, 0.9358974358974359, 0.8974358974358975, 0.9230769230769231, 0.8717948717948718, 0.9615384615384616, 0.9230769230769231, 0.9230769230769231, 0.9358974358974359, 0.8205128205128205, 0.9615384615384616, 0.7051282051282052, 0.8333333333333334, 0.9487179487179487, 0.9487179487179487, 0.9743589743589743, 0.3076923076923077, 0.8846153846153846]",0.9500000000000001,0.18297065576087665,"[1.0, 1.0, 1.0, 1.0, 1.0, 1.0, 1.0, 1.0, 1.0, 0.95, 1.0, 1.0, 1.0, 1.0, 0.95, 1.0, 0.9, 0.95, 1.0, 1.0, 1.0, 0.1, 1.0]"
9,hg10,0.9106611078022632,0.032784655019709064,"[0.863013698630137, 0.9178082191780822, 0.9452054794520548, 0.9041095890410958, 0.9178082191780822, 0.958904109589041, 0.9315068493150684, 0.8904109589041096, 0.9315068493150684, 0.9041095890410958, 0.9315068493150684, 0.8904109589041096, 0.958904109589041, 0.8904109589041096, 0.958904109589041, 0.8767123287671232, 0.9041095890410958, 0.8493150684931506, 0.8767123287671232, 0.9315068493150684, 0.863013698630137, 0.8904109589041096, 0.958904109589041]",0.9977116704805491,0.01073321684170122,"[0.9473684210526315, 1.0, 1.0, 1.0, 1.0, 1.0, 1.0, 1.0, 1.0, 1.0, 1.0, 1.0, 1.0, 1.0, 1.0, 1.0, 1.0, 1.0, 1.0, 1.0, 1.0, 1.0, 1.0]"
10,hg100,0.7108843537414967,0.1331318761277614,"[0.8428571428571429, 0.8857142857142857, 0.9, 0.5857142857142857, 0.6571428571428571, 0.7571428571428571, 0.9, 0.44285714285714284, 0.6142857142857143, 0.5857142857142857, 0.7428571428571429, 0.7285714285714285, 0.6857142857142857, 0.5, 0.8857142857142857, 0.6428571428571429, 0.7428571428571429, 0.5285714285714286, 0.6857142857142857, 0.8142857142857143, 0.8]",0.8386243386243386,0.1687739461136146,"[1.0, 1.0, 1.0, 0.8333333333333334, 0.8333333333333334, 0.8888888888888888, 1.0, 0.5, 0.7222222222222222, 0.7222222222222222, 1.0, 1.0, 0.7777777777777778, 0.5555555555555556, 1.0, 0.6666666666666666, 0.8888888888888888, 0.5, 1.0, 0.9444444444444444, 0.7777777777777778]"
11,hg101,0.6577922077922076,0.09722277773603297,"[0.8714285714285714, 0.6, 0.5714285714285714, 0.6142857142857143, 0.5714285714285714, 0.5571428571428572, 0.6, 0.6428571428571429, 0.7285714285714285, 0.6714285714285714, 0.7714285714285715, 0.7142857142857143, 0.5571428571428572, 0.6428571428571429, 0.7285714285714285, 0.8857142857142857, 0.7142857142857143, 0.6428571428571429, 0.4857142857142857, 0.6285714285714286, 0.5857142857142857, 0.6857142857142857]",0.6666666666666667,0.16066640121804918,"[1.0, 0.6666666666666666, 0.5, 0.5, 0.6111111111111112, 0.4444444444444444, 0.6666666666666666, 0.4444444444444444, 0.7222222222222222, 0.6111111111111112, 0.8333333333333334, 0.5555555555555556, 0.5555555555555556, 0.7222222222222222, 0.8333333333333334, 1.0, 0.8333333333333334, 0.6111111111111112, 0.5, 0.6666666666666666, 0.5555555555555556, 0.8333333333333334]"
12,hg102,0.5485232067510548,0.10448896621974509,"[0.5189873417721519, 0.620253164556962, 0.4430379746835443, 0.5569620253164557, 0.6329113924050633, 0.5063291139240507, 0.5316455696202531, 0.46835443037974683, 0.46835443037974683, 0.6962025316455697, 0.5316455696202531, 0.7088607594936709, 0.620253164556962, 0.5949367088607594, 0.4936708860759494, 0.620253164556962, 0.569620253164557, 0.569620253164557, 0.31645569620253167, 0.6329113924050633, 0.3924050632911392, 0.5316455696202531, 0.759493670886076, 0.379746835443038]",0.6104166666666667,0.21358993356949715,"[0.55, 0.95, 0.4, 0.55, 0.55, 0.65, 0.3, 0.35, 0.35, 0.95, 0.55, 1.0, 0.85, 0.45, 0.55, 0.65, 0.8, 0.6, 0.25, 0.75, 0.55, 0.65, 0.95, 0.45]"
13,hg103,0.574719800747198,0.12373498985885106,"[0.4931506849315068, 0.6164383561643836, 0.726027397260274, 0.4657534246575342, 0.5068493150684932, 0.5342465753424658, 0.5205479452054794, 0.7945205479452054, 0.5753424657534246, 0.547945205479452, 0.8082191780821918, 0.3972602739726027, 0.5616438356164384, 0.4246575342465753, 0.4931506849315068, 0.5616438356164384, 0.7397260273972602, 0.5342465753424658, 0.410958904109589, 0.5205479452054794, 0.589041095890411, 0.821917808219178]",0.562200956937799,0.2490912031937855,"[0.5263157894736842, 0.47368421052631576, 1.0, 0.5263157894736842, 0.5789473684210527, 0.5263157894736842, 0.5789473684210527, 1.0, 0.631578947368421, 0.21052631578947367, 1.0, 0.42105263157894735, 0.5263157894736842, 0.15789473684210525, 0.3157894736842105, 0.3684210526315789, 0.7894736842105263, 0.5263157894736842, 0.3157894736842105, 0.3157894736842105, 0.5789473684210527, 1.0]"
14,hg104,0.6913377192982457,0.1496369089002856,"[0.9078947368421053, 0.5263157894736842, 0.6578947368421053, 0.8552631578947368, 0.9078947368421053, 0.40789473684210525, 0.8421052631578947, 0.618421052631579, 0.6578947368421053, 0.8289473684210527, 0.7894736842105263, 0.6578947368421053, 0.618421052631579, 0.618421052631579, 0.5263157894736842, 0.4868421052631579, 0.8421052631578947, 0.5, 0.6578947368421053, 0.7894736842105263, 0.7763157894736842, 0.8947368421052632, 0.47368421052631576, 0.75]",0.7979166666666667,0.2176958728491552,"[1.0, 0.6, 0.9, 1.0, 1.0, 0.5, 1.0, 0.6, 0.8, 1.0, 1.0, 0.85, 0.75, 0.6, 0.45, 0.35, 1.0, 0.55, 0.65, 1.0, 1.0, 1.0, 0.55, 1.0]"
15,hg105,0.6780303030303029,0.13937014875299625,"[0.8055555555555556, 0.5, 0.5972222222222222, 0.8611111111111112, 0.7777777777777778, 0.5833333333333334, 0.8611111111111112, 0.7222222222222222, 0.8611111111111112, 0.6111111111111112, 0.5277777777777778, 0.4027777777777778, 0.5416666666666666, 0.875, 0.6527777777777778, 0.6388888888888888, 0.7638888888888888, 0.6666666666666666, 0.6805555555555556, 0.7916666666666666, 0.7638888888888888, 0.4305555555555556]",0.8253588516746411,0.19971420252096028,"[1.0, 0.5789473684210527, 0.9473684210526315, 1.0, 1.0, 0.631578947368421, 1.0, 0.8421052631578947, 1.0, 0.7368421052631579, 0.8947368421052632, 0.2631578947368421, 0.5263157894736842, 1.0, 1.0, 0.6842105263157895, 1.0, 0.7894736842105263, 0.8947368421052632, 0.8421052631578947, 0.9473684210526315, 0.5789473684210527]"
16,hg106,0.7280857252200537,0.061984959281249113,"[0.6538461538461539, 0.7307692307692307, 0.8076923076923077, 0.717948717948718, 0.8205128205128205, 0.5970149253731343, 0.7435897435897436, 0.6666666666666666, 0.6153846153846154, 0.7948717948717948, 0.6794871794871795, 0.6666666666666666, 0.7435897435897436, 0.6538461538461539, 0.782051282051282, 0.7051282051282052, 0.7692307692307693, 0.7051282051282052, 0.7692307692307693, 0.717948717948718, 0.7435897435897436, 0.7435897435897436, 0.8461538461538461, 0.7846153846153846, 0.7435897435897436]",0.733904761904762,0.13280213915169176,"[0.65, 0.7, 0.85, 0.75, 1.0, 0.3333333333333333, 0.75, 0.8, 0.65, 0.8, 0.6, 0.8, 0.75, 0.5, 0.8, 0.65, 0.75, 0.8, 0.75, 0.6, 0.8, 0.9, 0.9, 0.7142857142857143, 0.75]"
17,hg107,0.6747600225861095,0.1205265786810865,"[0.5974025974025974, 0.6233766233766234, 0.7402597402597403, 0.8311688311688312, 0.7662337662337663, 0.5454545454545454, 0.6883116883116883, 0.8441558441558441, 0.6233766233766234, 0.8181818181818182, 0.8701298701298701, 0.5454545454545454, 0.6363636363636364, 0.6233766233766234, 0.7402597402597403, 0.5714285714285714, 0.7922077922077922, 0.5714285714285714, 0.5454545454545454, 0.7662337662337663, 0.5844155844155844, 0.4025974025974026, 0.7922077922077922]",0.7413043478260871,0.21040962839239757,"[0.65, 0.45, 1.0, 1.0, 0.85, 0.45, 0.65, 1.0, 0.8, 1.0, 1.0, 0.55, 0.75, 0.35, 0.95, 0.6, 0.9, 0.55, 0.7, 0.8, 0.55, 0.5, 1.0]"
18,hg108,0.5921212121212122,0.11860220492021874,"[0.6363636363636364, 0.7121212121212122, 0.5151515151515151, 0.4696969696969697, 0.5, 0.5757575757575758, 0.5303030303030303, 0.5757575757575758, 0.9393939393939394, 0.4696969696969697, 0.5151515151515151, 0.5757575757575758, 0.6060606060606061, 0.5303030303030303, 0.696969696969697, 0.5, 0.6666666666666666, 0.8333333333333334, 0.5, 0.42424242424242425, 0.48484848484848486, 0.6666666666666666, 0.5757575757575758, 0.5757575757575758, 0.7272727272727273]",0.6352941176470588,0.181497042594606,"[0.7058823529411765, 0.7058823529411765, 0.47058823529411764, 0.5294117647058824, 0.47058823529411764, 0.5882352941176471, 0.5294117647058824, 0.6470588235294118, 1.0, 0.35294117647058826, 0.7058823529411765, 0.5882352941176471, 0.6470588235294118, 0.47058823529411764, 0.7647058823529411, 0.47058823529411764, 0.8235294117647058, 0.8823529411764706, 0.5882352941176471, 0.35294117647058826, 0.29411764705882354, 0.7647058823529411, 0.8235294117647058, 0.8235294117647058, 0.8823529411764706]"
19,hg109,0.837128205128205,0.08279191377298444,"[0.8589743589743589, 0.8076923076923077, 0.8076923076923077, 0.8461538461538461, 0.9230769230769231, 0.8, 0.8589743589743589, 0.5384615384615384, 0.8076923076923077, 0.8846153846153846, 0.9487179487179487, 0.9102564102564102, 0.8076923076923077, 0.7051282051282052, 0.9358974358974359, 0.8333333333333334, 0.8846153846153846, 0.8333333333333334, 0.7692307692307693, 0.8589743589743589, 0.8846153846153846, 0.8974358974358975, 0.9102564102564102, 0.782051282051282, 0.8333333333333334]",0.8705882352941177,0.09522146831298949,"[0.95, 0.8, 0.8, 0.9, 1.0, 0.7647058823529411, 0.85, 0.7, 0.85, 1.0, 1.0, 1.0, 0.7, 0.8, 1.0, 0.85, 0.8, 0.85, 0.8, 0.85, 0.85, 1.0, 1.0, 0.8, 0.85]"
20,hg11,0.9102715466351832,0.05522557527049113,"[0.974025974025974, 0.922077922077922, 0.961038961038961, 0.8051948051948052, 0.922077922077922, 0.974025974025974, 0.922077922077922, 0.8961038961038961, 0.961038961038961, 0.8831168831168831, 0.961038961038961, 0.7792207792207793, 0.8571428571428571, 0.961038961038961, 0.8181818181818182, 0.922077922077922, 0.8961038961038961, 0.935064935064935, 0.9090909090909091, 0.961038961038961, 0.948051948051948, 0.8571428571428571]",0.984090909090909,0.0461872759838672,"[1.0, 1.0, 1.0, 0.95, 1.0, 1.0, 1.0, 1.0, 1.0, 1.0, 1.0, 0.8, 1.0, 1.0, 0.9, 1.0, 1.0, 1.0, 1.0, 1.0, 1.0, 1.0]"
21,hg110,0.7459386973180077,0.11029369025794158,"[0.5833333333333334, 0.6527777777777778, 0.4027777777777778, 0.7777777777777778, 0.8333333333333334, 0.7638888888888888, 0.75, 0.6805555555555556, 0.6206896551724138, 0.7916666666666666, 0.7916666666666666, 0.7222222222222222, 0.7638888888888888, 0.8611111111111112, 0.7222222222222222, 0.8194444444444444, 0.875, 0.8611111111111112, 0.6666666666666666, 0.8611111111111112, 0.6527777777777778, 0.8611111111111112, 0.8333333333333334, 0.6527777777777778, 0.8472222222222222]",0.6033684210526316,0.11777136401870145,"[0.6842105263157895, 0.5789473684210527, 0.5263157894736842, 0.5789473684210527, 0.631578947368421, 0.6842105263157895, 0.47368421052631576, 0.631578947368421, 0.4, 0.5789473684210527, 0.631578947368421, 0.42105263157894735, 0.7894736842105263, 0.631578947368421, 0.5263157894736842, 0.631578947368421, 0.6842105263157895, 0.7368421052631579, 0.5789473684210527, 0.6842105263157895, 0.42105263157894735, 0.8421052631578947, 0.6842105263157895, 0.3684210526315789, 0.6842105263157895]"
22,hg111,0.6008793356130924,0.1301022751165304,"[0.9438202247191011, 0.48314606741573035, 0.8651685393258427, 0.5842696629213483, 0.6179775280898876, 0.4943820224719101, 0.5842696629213483, 0.8764044943820225, 0.4943820224719101, 0.5393258426966292, 0.48314606741573035, 0.6404494382022472, 0.5280898876404494, 0.6067415730337079, 0.5056179775280899, 0.6629213483146067, 0.5168539325842697, 0.6966292134831461, 0.5168539325842697, 0.5168539325842697, 0.5056179775280899, 0.651685393258427, 0.5056179775280899]",0.6559546313799621,0.18839209834859724,"[1.0, 0.34782608695652173, 1.0, 0.5217391304347826, 0.7391304347826086, 0.5652173913043478, 0.6521739130434783, 1.0, 0.4782608695652174, 0.6956521739130435, 0.5652173913043478, 0.6086956521739131, 0.6086956521739131, 0.6956521739130435, 0.4782608695652174, 0.9130434782608695, 0.4782608695652174, 0.8695652173913043, 0.4782608695652174, 0.4782608695652174, 0.6521739130434783, 0.782608695652174, 0.4782608695652174]"
23,hg112,0.765,0.1305212720943824,"[0.6666666666666666, 0.9027777777777778, 0.5138888888888888, 0.7222222222222222, 0.7222222222222222, 0.7361111111111112, 0.9166666666666666, 0.5416666666666666, 0.5555555555555556, 0.8333333333333334, 0.5555555555555556, 0.8888888888888888, 0.8055555555555556, 0.625, 0.8611111111111112, 0.8333333333333334, 0.8888888888888888, 0.9166666666666666, 0.9027777777777778, 0.6805555555555556, 0.8611111111111112, 0.8194444444444444, 0.7777777777777778, 0.6666666666666666, 0.9305555555555556]",0.8042105263157893,0.15072860900773682,"[0.8947368421052632, 0.8947368421052632, 0.5789473684210527, 0.7894736842105263, 0.5263157894736842, 0.6842105263157895, 0.9473684210526315, 0.6842105263157895, 0.7894736842105263, 0.8947368421052632, 0.5263157894736842, 0.8947368421052632, 0.9473684210526315, 0.5263157894736842, 0.9473684210526315, 0.8947368421052632, 0.9473684210526315, 0.8947368421052632, 0.8947368421052632, 0.631578947368421, 0.8947368421052632, 0.8947368421052632, 0.9473684210526315, 0.631578947368421, 0.9473684210526315]"
24,hg12,0.8199488491048595,0.11413872680087041,"[0.8823529411764706, 0.8235294117647058, 0.9176470588235294, 0.9411764705882353, 0.9058823529411765, 0.8823529411764706, 0.7647058823529411, 0.5529411764705883, 0.611764705882353, 0.6235294117647059, 0.8941176470588236, 0.8352941176470589, 0.8941176470588236, 0.8705882352941177, 0.9529411764705882, 0.8470588235294118, 0.788235294117647, 0.8941176470588236, 0.9176470588235294, 0.9411764705882353, 0.7294117647058823, 0.6705882352941176, 0.7176470588235294]",0.909090909090909,0.1380007134394948,"[1.0, 1.0, 1.0, 1.0, 0.9545454545454546, 1.0, 0.9545454545454546, 0.45454545454545453, 0.7727272727272727, 0.6818181818181818, 0.9090909090909091, 0.9545454545454546, 1.0, 1.0, 1.0, 1.0, 0.7272727272727273, 1.0, 1.0, 1.0, 0.7727272727272727, 0.8636363636363636, 0.8636363636363636]"
25,hg13,0.8838594401429423,0.09967594292541766,"[0.9315068493150684, 0.863013698630137, 0.6438356164383562, 0.8904109589041096, 0.9726027397260274, 0.7671232876712328, 0.8767123287671232, 0.9315068493150684, 0.9041095890410958, 0.8767123287671232, 0.9726027397260274, 0.9041095890410958, 0.8082191780821918, 0.9452054794520548, 0.9726027397260274, 0.9452054794520548, 0.8767123287671232, 0.8767123287671232, 0.9178082191780822, 0.9315068493150684, 0.9726027397260274, 0.9726027397260274, 0.5753424657534246]",0.9656750572082381,0.07214591656949404,"[1.0, 1.0, 0.8421052631578947, 0.9473684210526315, 1.0, 0.9473684210526315, 1.0, 1.0, 1.0, 0.9473684210526315, 1.0, 1.0, 0.8947368421052632, 1.0, 0.9473684210526315, 1.0, 1.0, 1.0, 1.0, 1.0, 1.0, 1.0, 0.6842105263157895]"
26,hg14,0.8081632653061223,0.1213442226906459,"[0.8857142857142857, 0.9428571428571428, 0.7428571428571429, 0.8714285714285714, 0.5714285714285714, 0.5714285714285714, 0.9, 0.9, 0.9, 0.8714285714285714, 0.6142857142857143, 0.7857142857142857, 0.5857142857142857, 0.7571428571428571, 0.9285714285714286, 0.8857142857142857, 0.9, 0.9142857142857143, 0.7571428571428571, 0.8428571428571429, 0.8428571428571429]",0.8862433862433863,0.16752529311097955,"[1.0, 1.0, 0.7222222222222222, 1.0, 0.7222222222222222, 0.3888888888888889, 1.0, 1.0, 1.0, 0.9444444444444444, 0.6111111111111112, 0.9444444444444444, 0.7777777777777778, 0.6666666666666666, 1.0, 0.9444444444444444, 1.0, 1.0, 1.0, 1.0, 0.8888888888888888]"
27,hg15,0.7129186602870813,0.14944095084808917,"[0.7662337662337663, 0.8311688311688312, 0.7662337662337663, 0.922077922077922, 0.8831168831168831, 0.8311688311688312, 0.8051948051948052, 0.5974025974025974, 0.6753246753246753, 0.5324675324675324, 0.5194805194805194, 0.38961038961038963, 0.8441558441558441, 0.7142857142857143, 0.8311688311688312, 0.8831168831168831, 0.5974025974025974, 0.5064935064935064, 0.6493506493506493]",0.8052631578947368,0.22935535336316765,"[0.9, 1.0, 0.95, 1.0, 1.0, 1.0, 1.0, 0.4, 1.0, 0.6, 0.5, 0.45, 1.0, 0.9, 1.0, 0.95, 0.6, 0.45, 0.6]"
28,hg16,0.7224517906336089,0.16905293739871266,"[0.9090909090909091, 0.9242424242424242, 0.5151515151515151, 0.9242424242424242, 0.8636363636363636, 0.7878787878787878, 0.9242424242424242, 0.5151515151515151, 0.42424242424242425, 0.803030303030303, 0.8181818181818182, 0.5606060606060606, 0.8333333333333334, 0.8636363636363636, 0.5606060606060606, 0.803030303030303, 0.6363636363636364, 0.8787878787878788, 0.5, 0.45454545454545453, 0.6212121212121212, 0.7727272727272727]",0.7941176470588236,0.24431246655641392,"[1.0, 1.0, 0.5294117647058824, 1.0, 1.0, 0.9411764705882353, 1.0, 0.47058823529411764, 0.29411764705882354, 0.9411764705882353, 0.9411764705882353, 0.7058823529411765, 0.8823529411764706, 1.0, 0.5294117647058824, 0.9411764705882353, 0.9411764705882353, 1.0, 0.35294117647058826, 0.35294117647058826, 0.7647058823529411, 0.8823529411764706]"
29,hg17,0.6831275720164609,0.12098245518669418,"[0.6419753086419753, 0.7654320987654321, 0.6296296296296297, 0.5432098765432098, 0.9012345679012346, 0.5555555555555556, 0.8888888888888888, 0.8024691358024691, 0.5555555555555556, 0.8271604938271605, 0.6296296296296297, 0.6172839506172839, 0.5679012345679012, 0.7037037037037037, 0.7530864197530864, 0.5432098765432098, 0.8395061728395061, 0.5432098765432098, 0.8148148148148148, 0.6419753086419753, 0.5802469135802469]",0.8299319727891156,0.14955675689651837,"[0.8095238095238095, 0.9047619047619048, 0.8095238095238095, 0.6190476190476191, 1.0, 0.8571428571428571, 1.0, 1.0, 0.6190476190476191, 1.0, 0.6666666666666666, 0.7619047619047619, 0.6666666666666666, 0.8095238095238095, 1.0, 0.6666666666666666, 1.0, 0.6190476190476191, 1.0, 0.9523809523809523, 0.6666666666666666]"
30,hg18,0.9108571428571429,0.08073943982253744,"[0.9714285714285714, 0.9142857142857143, 0.9571428571428572, 0.9142857142857143, 0.7428571428571429, 1.0, 0.9285714285714286, 0.8857142857142857, 1.0, 0.9428571428571428, 0.7, 0.9285714285714286, 0.9142857142857143, 0.9428571428571428, 1.0, 0.8857142857142857, 0.8857142857142857, 0.9, 0.7, 0.9428571428571428, 0.9428571428571428, 0.9428571428571428, 0.9285714285714286, 0.9, 1.0]",0.9555555555555554,0.09428090415820632,"[0.8888888888888888, 1.0, 1.0, 1.0, 0.6666666666666666, 1.0, 1.0, 1.0, 1.0, 1.0, 0.7777777777777778, 1.0, 1.0, 1.0, 1.0, 0.7777777777777778, 1.0, 1.0, 0.7777777777777778, 1.0, 1.0, 1.0, 1.0, 1.0, 1.0]"
31,hg19,0.8595598845598846,0.15027274410143848,"[0.5694444444444444, 0.9583333333333334, 0.5416666666666666, 0.9166666666666666, 0.8888888888888888, 0.9583333333333334, 0.9305555555555556, 0.9166666666666666, 0.9166666666666666, 0.9305555555555556, 0.9305555555555556, 0.9166666666666666, 0.9722222222222222, 0.9583333333333334, 0.9166666666666666, 0.7714285714285715, 0.4166666666666667, 1.0, 0.9027777777777778, 0.9027777777777778, 0.9166666666666666, 0.7777777777777778]",0.9279482127779342,0.1749261668528562,"[0.5263157894736842, 1.0, 0.5263157894736842, 1.0, 1.0, 1.0, 1.0, 1.0, 1.0, 1.0, 1.0, 1.0, 1.0, 1.0, 1.0, 0.9411764705882353, 0.42105263157894735, 1.0, 1.0, 1.0, 1.0, 1.0]"
32,hg20,0.9148302561048243,0.053735526235330344,"[0.9315068493150684, 0.9726027397260274, 0.726027397260274, 0.9452054794520548, 0.9315068493150684, 0.9452054794520548, 0.9315068493150684, 0.9315068493150684, 0.9041095890410958, 0.8904109589041096, 0.8356164383561644, 0.9315068493150684, 0.8767123287671232, 0.9452054794520548, 0.958904109589041, 0.8904109589041096, 0.8356164383561644, 0.9452054794520548, 0.9452054794520548, 0.9315068493150684, 0.958904109589041, 0.958904109589041, 0.9178082191780822]",0.9816933638443935,0.03675601465494053,"[0.9473684210526315, 1.0, 0.8947368421052632, 1.0, 1.0, 1.0, 1.0, 0.9473684210526315, 1.0, 1.0, 0.8947368421052632, 1.0, 1.0, 1.0, 1.0, 1.0, 0.8947368421052632, 1.0, 1.0, 1.0, 1.0, 1.0, 1.0]"
33,hg21,0.8411695489392049,0.12208467023573465,"[0.8607594936708861, 0.9240506329113924, 0.9240506329113924, 0.9240506329113924, 0.9620253164556962, 0.6329113924050633, 0.8734177215189873, 0.9746835443037974, 0.8481012658227848, 0.9113924050632911, 0.9240506329113924, 0.9493670886075949, 0.8987341772151899, 0.569620253164557, 0.759493670886076, 0.6835443037974683, 0.9493670886075949, 0.9240506329113924, 0.7887323943661971, 0.759493670886076, 0.8607594936708861, 0.7088607594936709, 0.5569620253164557, 0.9367088607594937, 0.9240506329113924]",0.91,0.14899664425751338,"[1.0, 1.0, 1.0, 1.0, 1.0, 0.55, 1.0, 1.0, 1.0, 1.0, 1.0, 1.0, 1.0, 0.65, 0.75, 0.6, 1.0, 0.95, 1.0, 0.75, 1.0, 0.85, 0.65, 1.0, 1.0]"
34,hg22,0.8327020202020203,0.14092430722302365,"[0.5416666666666666, 0.9722222222222222, 0.9305555555555556, 0.9583333333333334, 0.7638888888888888, 0.9444444444444444, 0.9305555555555556, 0.7916666666666666, 0.9444444444444444, 0.6666666666666666, 0.9027777777777778, 0.7361111111111112, 0.625, 0.9444444444444444, 0.9166666666666666, 0.8472222222222222, 0.6527777777777778, 0.9444444444444444, 0.9722222222222222, 0.8472222222222222, 0.9444444444444444, 0.5416666666666666]",0.8755980861244019,0.1749522038160978,"[0.5263157894736842, 1.0, 1.0, 1.0, 0.8947368421052632, 1.0, 1.0, 0.7368421052631579, 1.0, 0.6842105263157895, 1.0, 0.7368421052631579, 0.631578947368421, 1.0, 1.0, 1.0, 0.5789473684210527, 1.0, 1.0, 0.9473684210526315, 1.0, 0.5263157894736842]"
35,hg23,0.9149048625792813,0.10223823653188398,"[0.9418604651162791, 0.9767441860465116, 0.9418604651162791, 0.9418604651162791, 0.9534883720930233, 0.5232558139534884, 0.9186046511627907, 0.9767441860465116, 0.9186046511627907, 0.9767441860465116, 0.9767441860465116, 0.9534883720930233, 0.9534883720930233, 0.8488372093023255, 0.8953488372093024, 0.872093023255814, 0.9767441860465116, 0.9534883720930233, 0.9883720930232558, 0.9767441860465116, 0.9302325581395349, 0.7325581395348837]",0.9586776859504134,0.1006264104288093,"[1.0, 1.0, 1.0, 0.9545454545454546, 1.0, 0.5454545454545454, 1.0, 1.0, 0.9545454545454546, 1.0, 1.0, 1.0, 1.0, 0.9090909090909091, 1.0, 0.8181818181818182, 1.0, 1.0, 1.0, 1.0, 1.0, 0.9090909090909091]"
36,hg24,0.8624401913875599,0.12122720358612228,"[0.9210526315789473, 0.868421052631579, 0.9342105263157895, 0.9736842105263158, 0.8552631578947368, 0.9210526315789473, 0.8421052631578947, 0.8421052631578947, 0.9605263157894737, 0.9605263157894737, 0.5, 0.8552631578947368, 0.9473684210526315, 0.9210526315789473, 0.9210526315789473, 0.75, 0.9078947368421053, 0.8026315789473685, 0.9342105263157895, 0.5394736842105263, 0.881578947368421, 0.9342105263157895]",0.9477272727272728,0.15036113551839175,"[1.0, 1.0, 1.0, 1.0, 0.95, 1.0, 1.0, 1.0, 1.0, 1.0, 0.45, 1.0, 1.0, 1.0, 1.0, 0.95, 1.0, 1.0, 1.0, 0.5, 1.0, 1.0]"
37,hg25,0.8155467720685113,0.08978511218656558,"[0.8840579710144928, 0.7971014492753623, 0.7536231884057971, 0.8260869565217391, 0.8985507246376812, 0.6521739130434783, 0.6086956521739131, 0.855072463768116, 0.7971014492753623, 0.8405797101449275, 0.8405797101449275, 0.9565217391304348, 0.8405797101449275, 0.8695652173913043, 0.8260869565217391, 0.6086956521739131, 0.8695652173913043, 0.8695652173913043, 0.927536231884058, 0.7681159420289855, 0.855072463768116, 0.7971014492753623]",0.9141414141414143,0.16474248919495035,"[1.0, 1.0, 0.9444444444444444, 0.9444444444444444, 1.0, 0.6111111111111112, 0.6111111111111112, 1.0, 1.0, 1.0, 1.0, 1.0, 0.8333333333333334, 1.0, 1.0, 0.3888888888888889, 1.0, 1.0, 1.0, 0.7777777777777778, 1.0, 1.0]"
38,hg26,0.8168498168498168,0.10617446382027208,"[0.8205128205128205, 0.6794871794871795, 0.782051282051282, 0.8974358974358975, 0.9358974358974359, 0.8589743589743589, 0.8974358974358975, 0.8076923076923077, 0.8076923076923077, 0.8076923076923077, 0.9102564102564102, 0.8461538461538461, 0.7948717948717948, 0.7307692307692307, 0.6538461538461539, 0.9358974358974359, 0.9358974358974359, 0.9102564102564102, 0.5128205128205128, 0.8974358974358975, 0.7307692307692307]",0.8571428571428571,0.13299276232160895,"[0.8, 0.65, 0.8, 1.0, 1.0, 0.85, 1.0, 0.85, 0.8, 0.75, 1.0, 0.8, 0.8, 0.8, 0.8, 1.0, 1.0, 1.0, 0.5, 1.0, 0.8]"
39,hg27,0.751716247139588,0.14571152716340283,"[0.9605263157894737, 0.8947368421052632, 0.75, 0.8947368421052632, 0.7763157894736842, 0.8289473684210527, 0.7368421052631579, 0.6973684210526315, 0.618421052631579, 0.6052631578947368, 0.6052631578947368, 0.7763157894736842, 0.7105263157894737, 0.8157894736842105, 0.9473684210526315, 0.34210526315789475, 0.7236842105263158, 0.8289473684210527, 0.5131578947368421, 0.6710526315789473, 0.9342105263157895, 0.7763157894736842, 0.881578947368421]",0.8826086956521738,0.17607353679405727,"[1.0, 1.0, 0.9, 1.0, 1.0, 1.0, 0.95, 0.8, 0.85, 0.7, 0.7, 1.0, 0.8, 1.0, 1.0, 0.4, 0.9, 1.0, 0.4, 1.0, 1.0, 0.95, 0.95]"
40,hg28,0.7413318657127133,0.12579978766372693,"[0.759493670886076, 0.5949367088607594, 0.5443037974683544, 0.7341772151898734, 0.9240506329113924, 0.810126582278481, 0.6582278481012658, 0.569620253164557, 0.6329113924050633, 0.9113924050632911, 0.4936708860759494, 0.6708860759493671, 0.8354430379746836, 0.8354430379746836, 0.6582278481012658, 0.9240506329113924, 0.7974683544303798, 0.7974683544303798, 0.8227848101265823, 0.810126582278481, 0.6329113924050633, 0.7088607594936709, 0.9240506329113924]",0.8021739130434782,0.19971624483227568,"[0.95, 0.5, 0.45, 1.0, 1.0, 1.0, 0.6, 0.5, 0.7, 1.0, 0.55, 0.6, 1.0, 1.0, 0.55, 0.95, 1.0, 0.95, 0.95, 0.75, 0.75, 0.75, 0.95]"
41,hg29,0.7959866220735784,0.16443984654511817,"[0.9102564102564102, 0.46153846153846156, 0.7435897435897436, 0.8846153846153846, 0.9102564102564102, 0.8846153846153846, 0.5641025641025641, 0.8461538461538461, 0.4230769230769231, 0.8333333333333334, 0.5128205128205128, 0.9487179487179487, 0.8974358974358975, 0.8205128205128205, 0.8589743589743589, 0.8589743589743589, 0.9230769230769231, 0.8717948717948718, 0.5512820512820513, 0.9743589743589743, 0.9358974358974359, 0.9102564102564102, 0.782051282051282]",0.9021739130434783,0.16450073402080537,"[1.0, 0.65, 0.85, 1.0, 1.0, 1.0, 0.5, 0.95, 0.75, 1.0, 0.5, 1.0, 1.0, 1.0, 1.0, 0.9, 1.0, 1.0, 0.65, 1.0, 1.0, 1.0, 1.0]"
42,hg30,0.7857142857142857,0.14063527894182024,"[0.875, 0.875, 0.875, 0.7361111111111112, 0.9027777777777778, 0.875, 0.8611111111111112, 0.8194444444444444, 0.7916666666666666, 0.8472222222222222, 0.4027777777777778, 0.7083333333333334, 0.5, 0.8194444444444444, 0.7916666666666666, 0.9444444444444444, 0.5138888888888888, 0.8611111111111112, 0.9027777777777778, 0.7638888888888888, 0.8333333333333334]",0.8771929824561404,0.15607416016982723,"[0.9473684210526315, 0.9473684210526315, 0.9473684210526315, 0.9473684210526315, 1.0, 1.0, 1.0, 0.7894736842105263, 0.8421052631578947, 0.9473684210526315, 0.5263157894736842, 0.8947368421052632, 0.42105263157894735, 0.9473684210526315, 0.9473684210526315, 1.0, 0.631578947368421, 0.8947368421052632, 1.0, 0.8947368421052632, 0.8947368421052632]"
43,hg31,0.8229268292682927,0.11819181014656974,"[0.8414634146341463, 0.8658536585365854, 0.8414634146341463, 0.8902439024390244, 0.7682926829268293, 0.8658536585365854, 0.8780487804878049, 0.9024390243902439, 0.7439024390243902, 0.8902439024390244, 0.8292682926829268, 0.8536585365853658, 0.9024390243902439, 0.8536585365853658, 0.7195121951219512, 0.8902439024390244, 0.8902439024390244, 0.8780487804878049, 0.4878048780487805, 0.8658536585365854, 0.9146341463414634, 0.8292682926829268, 0.4268292682926829, 0.8414634146341463, 0.9024390243902439]",0.9085714285714286,0.1529275909460499,"[0.9523809523809523, 0.9523809523809523, 0.8571428571428571, 0.9523809523809523, 0.8095238095238095, 0.9523809523809523, 0.9047619047619048, 1.0, 0.9047619047619048, 1.0, 0.9047619047619048, 1.0, 1.0, 0.9047619047619048, 0.9047619047619048, 1.0, 1.0, 1.0, 0.3333333333333333, 0.9047619047619048, 1.0, 0.9523809523809523, 0.5238095238095238, 1.0, 1.0]"
44,hg32,0.7527066486972148,0.15032331922157502,"[0.8285714285714286, 0.8, 0.6792452830188679, 0.6, 0.9571428571428572, 1.0, 0.6285714285714286, 0.8857142857142857, 0.6857142857142857, 0.7428571428571429, 0.5571428571428572, 0.42857142857142855, 0.7, 0.9428571428571428, 0.9571428571428572, 0.7714285714285715, 0.6714285714285714, 0.8285714285714286, 0.8571428571428571, 0.5571428571428572, 0.6285714285714286, 0.5857142857142857, 0.8714285714285714, 0.9]",0.8657407407407408,0.18138461133481237,"[1.0, 0.9444444444444444, 1.0, 0.5, 1.0, 1.0, 0.6666666666666666, 1.0, 0.7222222222222222, 1.0, 0.7222222222222222, 0.3333333333333333, 0.8888888888888888, 1.0, 1.0, 1.0, 0.8333333333333334, 1.0, 1.0, 0.7222222222222222, 0.8333333333333334, 0.6666666666666666, 0.9444444444444444, 1.0]"
45,hg33,0.8536922015182883,0.07334246566878298,"[0.927536231884058, 0.9420289855072463, 0.8405797101449275, 0.8695652173913043, 0.8985507246376812, 0.8985507246376812, 0.8115942028985508, 0.8115942028985508, 0.8405797101449275, 0.8260869565217391, 0.8405797101449275, 0.855072463768116, 0.855072463768116, 0.5797101449275363, 0.8695652173913043, 0.927536231884058, 0.8840579710144928, 0.8840579710144928, 0.927536231884058, 0.8115942028985508, 0.8260869565217391]",0.9232804232804231,0.12059546370414265,"[1.0, 1.0, 0.8888888888888888, 1.0, 0.7777777777777778, 0.9444444444444444, 1.0, 0.9444444444444444, 0.9444444444444444, 1.0, 1.0, 0.8888888888888888, 0.9444444444444444, 0.4444444444444444, 0.8888888888888888, 0.9444444444444444, 0.8888888888888888, 0.9444444444444444, 1.0, 0.9444444444444444, 1.0]"
46,hg34,0.7291304347826086,0.08833021240221474,"[0.8405797101449275, 0.782608695652174, 0.7536231884057971, 0.4782608695652174, 0.8405797101449275, 0.7391304347826086, 0.7391304347826086, 0.8405797101449275, 0.855072463768116, 0.75, 0.782608695652174, 0.7536231884057971, 0.7536231884057971, 0.5797101449275363, 0.6231884057971014, 0.7101449275362319, 0.6956521739130435, 0.7536231884057971, 0.6666666666666666, 0.782608695652174, 0.6376811594202898, 0.7101449275362319, 0.7536231884057971, 0.6086956521739131, 0.7971014492753623]",0.7779487179487178,0.13312212067799514,"[0.9444444444444444, 0.8888888888888888, 0.8333333333333334, 0.3333333333333333, 0.8888888888888888, 0.6666666666666666, 0.7222222222222222, 0.8888888888888888, 1.0, 0.6153846153846154, 0.9444444444444444, 0.7777777777777778, 0.7222222222222222, 0.6111111111111112, 0.7222222222222222, 0.8333333333333334, 0.8333333333333334, 0.7222222222222222, 0.7777777777777778, 0.8333333333333334, 0.7222222222222222, 0.7777777777777778, 0.7222222222222222, 0.8333333333333334, 0.8333333333333334]"
47,hg35,0.8337595907928387,0.09996941598360345,"[0.7205882352941176, 0.7941176470588235, 0.8235294117647058, 0.9558823529411765, 0.7352941176470589, 0.9411764705882353, 0.8529411764705882, 0.5441176470588235, 0.9264705882352942, 0.75, 0.9411764705882353, 0.8676470588235294, 0.7941176470588235, 0.7058823529411765, 0.9705882352941176, 0.8235294117647058, 0.8088235294117647, 0.9264705882352942, 0.7941176470588235, 0.9264705882352942, 0.8529411764705882, 0.9264705882352942, 0.7941176470588235]",0.9057971014492753,0.12086952660093528,"[0.8333333333333334, 0.9444444444444444, 0.9444444444444444, 1.0, 0.8333333333333334, 1.0, 0.9444444444444444, 0.5555555555555556, 1.0, 0.8333333333333334, 1.0, 1.0, 0.9444444444444444, 0.6666666666666666, 0.9444444444444444, 0.8333333333333334, 1.0, 1.0, 1.0, 1.0, 0.8333333333333334, 1.0, 0.7222222222222222]"
48,hg36,0.6580687830687831,0.07466811125610687,"[0.5972222222222222, 0.6805555555555556, 0.6666666666666666, 0.75, 0.5555555555555556, 0.75, 0.6388888888888888, 0.6805555555555556, 0.5833333333333334, 0.7361111111111112, 0.5694444444444444, 0.5694444444444444, 0.8194444444444444, 0.6944444444444444, 0.6944444444444444, 0.6805555555555556, 0.7083333333333334, 0.5277777777777778, 0.6666666666666666, 0.6805555555555556, 0.5694444444444444]",0.6390977443609023,0.12506240551252779,"[0.5789473684210527, 0.6842105263157895, 0.5789473684210527, 0.7368421052631579, 0.47368421052631576, 0.631578947368421, 0.7894736842105263, 0.7368421052631579, 0.5263157894736842, 0.6842105263157895, 0.5263157894736842, 0.631578947368421, 1.0, 0.5789473684210527, 0.6842105263157895, 0.5789473684210527, 0.7368421052631579, 0.5789473684210527, 0.7368421052631579, 0.5263157894736842, 0.42105263157894735]"
49,hg37,0.7485714285714286,0.12970925100361333,"[0.7857142857142857, 0.6, 0.7857142857142857, 0.8714285714285714, 0.6142857142857143, 0.7428571428571429, 0.8714285714285714, 0.8714285714285714, 0.8571428571428571, 0.8, 0.6428571428571429, 0.6428571428571429, 0.6571428571428571, 0.8714285714285714, 0.9, 0.6857142857142857, 0.6428571428571429, 0.4142857142857143, 0.7714285714285715, 0.9428571428571428]",0.8083333333333332,0.20598678490513792,"[0.9444444444444444, 0.8333333333333334, 0.7222222222222222, 1.0, 0.5555555555555556, 0.7777777777777778, 1.0, 1.0, 1.0, 0.8888888888888888, 0.7777777777777778, 0.7222222222222222, 0.7222222222222222, 1.0, 1.0, 0.5555555555555556, 0.5555555555555556, 0.2222222222222222, 0.8888888888888888, 1.0]"
50,hg38,0.6204761904761905,0.12281283808005948,"[0.6071428571428571, 0.6071428571428571, 0.6547619047619048, 0.4880952380952381, 0.6428571428571429, 0.6547619047619048, 0.6785714285714286, 0.47619047619047616, 0.5833333333333334, 0.5952380952380952, 0.8928571428571429, 0.4523809523809524, 0.7619047619047619, 0.6904761904761905, 0.7023809523809523, 0.8571428571428571, 0.8095238095238095, 0.5, 0.6547619047619048, 0.5, 0.7023809523809523, 0.4642857142857143, 0.5476190476190477, 0.5476190476190477, 0.44047619047619047]",0.5727272727272728,0.20164611829835305,"[0.5, 0.45454545454545453, 0.6818181818181818, 0.45454545454545453, 0.6363636363636364, 0.5454545454545454, 0.7727272727272727, 0.3181818181818182, 0.36363636363636365, 0.7272727272727273, 1.0, 0.3181818181818182, 0.6818181818181818, 0.5, 0.5454545454545454, 1.0, 0.8636363636363636, 0.45454545454545453, 0.6363636363636364, 0.5, 0.7272727272727273, 0.45454545454545453, 0.36363636363636365, 0.6363636363636364, 0.18181818181818182]"
51,hg39,0.8019736842105264,0.09345579413318209,"[0.8552631578947368, 0.8421052631578947, 0.8026315789473685, 0.881578947368421, 0.5789473684210527, 0.8289473684210527, 0.6052631578947368, 0.6973684210526315, 0.8552631578947368, 0.7368421052631579, 0.868421052631579, 0.8026315789473685, 0.7105263157894737, 0.8552631578947368, 0.75, 0.8026315789473685, 0.9473684210526315, 0.9078947368421053, 0.868421052631579, 0.8421052631578947]",0.8724999999999999,0.13367404385294848,"[1.0, 1.0, 0.9, 0.9, 0.65, 0.85, 0.55, 0.65, 0.75, 0.85, 0.95, 1.0, 0.8, 1.0, 0.85, 0.8, 1.0, 1.0, 0.95, 1.0]"
52,hg40,0.6620803522289489,0.0972250200417109,"[0.620253164556962, 0.5189873417721519, 0.810126582278481, 0.620253164556962, 0.7088607594936709, 0.6708860759493671, 0.6329113924050633, 0.6329113924050633, 0.6329113924050633, 0.7341772151898734, 0.6582278481012658, 0.5569620253164557, 0.6455696202531646, 0.7215189873417721, 0.8354430379746836, 0.5443037974683544, 0.7088607594936709, 0.4936708860759494, 0.620253164556962, 0.6582278481012658, 0.9240506329113924, 0.6582278481012658, 0.620253164556962]",0.7565217391304349,0.16238999475637475,"[0.55, 0.65, 1.0, 0.65, 0.75, 0.85, 0.55, 0.65, 0.8, 1.0, 0.75, 0.65, 0.75, 0.7, 1.0, 0.5, 0.9, 0.7, 0.6, 0.85, 1.0, 1.0, 0.55]"
53,hg41,0.7083503546531716,0.0892262907008085,"[0.6515151515151515, 0.7534246575342466, 0.6438356164383562, 0.6438356164383562, 0.7808219178082192, 0.7123287671232876, 0.5774647887323944, 0.6986301369863014, 0.6438356164383562, 0.6712328767123288, 0.821917808219178, 0.8356164383561644, 0.547945205479452, 0.6986301369863014, 0.6438356164383562, 0.7808219178082192, 0.7397260273972602, 0.5753424657534246, 0.6164383561643836, 0.7808219178082192, 0.8493150684931506, 0.8767123287671232, 0.7714285714285715, 0.684931506849315]",0.8226774810801514,0.1519548924836988,"[0.4166666666666667, 0.8421052631578947, 0.6842105263157895, 0.631578947368421, 1.0, 0.9473684210526315, 0.7058823529411765, 0.8421052631578947, 0.8947368421052632, 0.8947368421052632, 0.9473684210526315, 0.8947368421052632, 0.5263157894736842, 0.6842105263157895, 0.7894736842105263, 0.8947368421052632, 1.0, 0.7368421052631579, 0.7368421052631579, 0.8421052631578947, 1.0, 1.0, 0.9375, 0.8947368421052632]"
54,hg42,0.7853231106243154,0.11040178022654241,"[0.7951807228915663, 0.7228915662650602, 0.8072289156626506, 0.7590361445783133, 0.7228915662650602, 0.7951807228915663, 0.6144578313253012, 0.7831325301204819, 0.8674698795180723, 0.7469879518072289, 0.8072289156626506, 0.891566265060241, 0.37349397590361444, 0.8433734939759037, 0.8554216867469879, 0.8192771084337349, 0.7831325301204819, 0.891566265060241, 0.8072289156626506, 0.8674698795180723, 0.8795180722891566, 0.8433734939759037]",0.8419913419913421,0.11698328239715725,"[0.8571428571428571, 0.6666666666666666, 0.9047619047619048, 0.8095238095238095, 0.8571428571428571, 0.8571428571428571, 0.5714285714285714, 0.8571428571428571, 0.8571428571428571, 0.8571428571428571, 0.8095238095238095, 1.0, 0.5238095238095238, 0.9047619047619048, 0.8095238095238095, 0.9047619047619048, 0.9047619047619048, 1.0, 0.8571428571428571, 0.8571428571428571, 1.0, 0.8571428571428571]"
55,hg43,0.8572343149807939,0.03875751822705586,"[0.8450704225352113, 0.9014084507042254, 0.8309859154929577, 0.8732394366197183, 0.8309859154929577, 0.9014084507042254, 0.8591549295774648, 0.8309859154929577, 0.8591549295774648, 0.8732394366197183, 0.8591549295774648, 0.8450704225352113, 0.8873239436619719, 0.8873239436619719, 0.7464788732394366, 0.8450704225352113, 0.8873239436619719, 0.9014084507042254, 0.7746478873239436, 0.8450704225352113, 0.8732394366197183, 0.9014084507042254]",0.8308080808080807,0.08116241757569796,"[0.7222222222222222, 0.9444444444444444, 0.7777777777777778, 0.8333333333333334, 0.7222222222222222, 0.9444444444444444, 0.8888888888888888, 0.8333333333333334, 0.8333333333333334, 0.8333333333333334, 0.9444444444444444, 0.9444444444444444, 0.8333333333333334, 0.8888888888888888, 0.7222222222222222, 0.6666666666666666, 0.8888888888888888, 0.8888888888888888, 0.7222222222222222, 0.8333333333333334, 0.7777777777777778, 0.8333333333333334]"
56,hg44,0.6670056497175142,0.08539782083887766,"[0.7307692307692307, 0.7435897435897436, 0.6666666666666666, 0.6025641025641025, 0.7307692307692307, 0.6410256410256411, 0.717948717948718, 0.7051282051282052, 0.8333333333333334, 0.5512820512820513, 0.46153846153846156, 0.6410256410256411, 0.717948717948718, 0.7307692307692307, 0.6794871794871795, 0.6538461538461539, 0.5084745762711864, 0.7435897435897436, 0.6282051282051282, 0.7435897435897436, 0.7307692307692307, 0.6410256410256411, 0.7051282051282052, 0.6538461538461539, 0.5128205128205128]",0.6619999999999999,0.143024473430249,"[0.75, 0.65, 0.5, 0.5, 0.7, 0.6, 0.65, 0.65, 1.0, 0.55, 0.35, 0.55, 0.65, 0.85, 0.55, 0.7, 1.0, 0.8, 0.6, 0.55, 0.75, 0.65, 0.65, 0.7, 0.65]"
57,hg45,0.682312252964427,0.12070310792638275,"[0.6136363636363636, 0.6136363636363636, 0.6022727272727273, 0.9204545454545454, 0.8181818181818182, 0.5, 0.7727272727272727, 0.6590909090909091, 0.6022727272727273, 0.8295454545454546, 0.7045454545454546, 0.6590909090909091, 0.6590909090909091, 0.8295454545454546, 0.48863636363636365, 0.9090909090909091, 0.6704545454545454, 0.5454545454545454, 0.5909090909090909, 0.5795454545454546, 0.8295454545454546, 0.6477272727272727, 0.6477272727272727]",0.6937618147448016,0.19632451621878597,"[0.6086956521739131, 0.5217391304347826, 0.43478260869565216, 1.0, 1.0, 0.4782608695652174, 0.8695652173913043, 0.6521739130434783, 0.6086956521739131, 0.9130434782608695, 0.7391304347826086, 0.6956521739130435, 0.6086956521739131, 1.0, 0.4782608695652174, 1.0, 0.7391304347826086, 0.43478260869565216, 0.6956521739130435, 0.4782608695652174, 0.9130434782608695, 0.6086956521739131, 0.4782608695652174]"
58,hg46,0.8524150268336316,0.07457840281100475,"[0.8837209302325582, 0.9186046511627907, 0.7790697674418605, 0.8837209302325582, 0.9069767441860465, 0.9069767441860465, 0.8837209302325582, 0.8837209302325582, 0.9302325581395349, 0.8837209302325582, 0.7674418604651163, 0.7790697674418605, 0.8604651162790697, 0.8488372093023255, 0.7790697674418605, 0.8837209302325582, 0.9302325581395349, 0.9186046511627907, 0.9069767441860465, 0.9186046511627907, 0.813953488372093, 0.872093023255814, 0.7325581395348837, 0.8023255813953488, 0.8837209302325582, 0.6046511627906976]",0.8444055944055944,0.06198285979453091,"[0.8181818181818182, 0.8181818181818182, 0.8181818181818182, 0.8181818181818182, 0.8636363636363636, 0.9545454545454546, 0.8181818181818182, 0.7272727272727273, 0.8636363636363636, 0.9090909090909091, 0.6818181818181818, 0.8181818181818182, 0.8181818181818182, 0.8181818181818182, 0.7727272727272727, 0.9545454545454546, 0.8181818181818182, 0.9090909090909091, 0.9090909090909091, 0.8636363636363636, 0.8181818181818182, 0.9090909090909091, 0.9090909090909091, 0.8636363636363636, 0.8181818181818182, 0.8636363636363636]"
59,hg47,0.6839872746553552,0.08000215347357822,"[0.7682926829268293, 0.4268292682926829, 0.7439024390243902, 0.7073170731707317, 0.7317073170731707, 0.6951219512195121, 0.6585365853658537, 0.6585365853658537, 0.7195121951219512, 0.6097560975609756, 0.8048780487804879, 0.6829268292682927, 0.5975609756097561, 0.7073170731707317, 0.8170731707317073, 0.6829268292682927, 0.7195121951219512, 0.6951219512195121, 0.6463414634146342, 0.5853658536585366, 0.6585365853658537, 0.7560975609756098, 0.6585365853658537]",0.7246376811594203,0.10504058711358857,"[0.7619047619047619, 0.5238095238095238, 0.7619047619047619, 0.8095238095238095, 0.7142857142857143, 0.8095238095238095, 0.7142857142857143, 0.7142857142857143, 0.7619047619047619, 0.42857142857142855, 0.8571428571428571, 0.6666666666666666, 0.6666666666666666, 0.6666666666666666, 0.9047619047619048, 0.7619047619047619, 0.8095238095238095, 0.6190476190476191, 0.8571428571428571, 0.6666666666666666, 0.6666666666666666, 0.7619047619047619, 0.7619047619047619]"
60,hg48,0.7394796849087895,0.12443561024015828,"[0.4626865671641791, 0.7313432835820896, 0.835820895522388, 0.6417910447761194, 0.6865671641791045, 0.6567164179104478, 0.835820895522388, 0.5671641791044776, 0.47761194029850745, 0.835820895522388, 0.7014925373134329, 0.7611940298507462, 0.8805970149253731, 0.7313432835820896, 0.9104477611940298, 0.7014925373134329, 0.7313432835820896, 0.8955223880597015, 0.5833333333333334, 0.8208955223880597, 0.7910447761194029, 0.9104477611940298, 0.7611940298507462, 0.835820895522388]",0.8274509803921569,0.1528531672368386,"[0.35294117647058826, 0.7647058823529411, 0.8823529411764706, 0.6470588235294118, 0.8823529411764706, 0.6470588235294118, 1.0, 0.8235294117647058, 0.8823529411764706, 1.0, 0.9411764705882353, 0.7058823529411765, 0.8823529411764706, 0.6470588235294118, 1.0, 0.7647058823529411, 1.0, 1.0, 0.8, 0.8235294117647058, 0.7647058823529411, 1.0, 0.8823529411764706, 0.7647058823529411]"
61,hg49,0.6492628992628992,0.08921871232825432,"[0.5675675675675675, 0.6891891891891891, 0.7297297297297297, 0.5675675675675675, 0.5405405405405406, 0.581081081081081, 0.6081081081081081, 0.7027027027027027, 0.7702702702702703, 0.5675675675675675, 0.7702702702702703, 0.6621621621621622, 0.4594594594594595, 0.6081081081081081, 0.7297297297297297, 0.6621621621621622, 0.5540540540540541, 0.6486486486486487, 0.8243243243243243, 0.6216216216216216, 0.7567567567567568, 0.6621621621621622]",0.6267942583732057,0.19687120202335867,"[0.42105263157894735, 0.5263157894736842, 0.7368421052631579, 0.3684210526315789, 0.3684210526315789, 0.47368421052631576, 0.42105263157894735, 1.0, 0.8947368421052632, 0.5789473684210527, 0.8421052631578947, 0.42105263157894735, 0.3684210526315789, 0.7894736842105263, 0.7894736842105263, 0.5263157894736842, 0.7368421052631579, 0.631578947368421, 0.8947368421052632, 0.6842105263157895, 0.8421052631578947, 0.47368421052631576]"
62,hg50,0.8102477477477477,0.13116227439571598,"[0.9324324324324325, 0.9594594594594594, 0.6081081081081081, 0.8378378378378378, 0.7702702702702703, 0.8648648648648649, 0.8108108108108109, 0.4864864864864865, 0.8108108108108109, 0.8513513513513513, 0.9864864864864865, 0.9594594594594594, 0.6891891891891891, 0.6216216216216216, 0.5945945945945946, 0.9054054054054054, 0.7432432432432432, 0.8243243243243243, 0.8378378378378378, 0.918918918918919, 0.8513513513513513, 0.7027027027027027, 0.9459459459459459, 0.9324324324324325]",0.8771929824561404,0.15394674363845826,"[1.0, 1.0, 0.6842105263157895, 0.8947368421052632, 0.7368421052631579, 0.8947368421052632, 0.9473684210526315, 0.5263157894736842, 1.0, 0.8947368421052632, 1.0, 1.0, 0.6842105263157895, 0.7894736842105263, 0.5789473684210527, 1.0, 0.631578947368421, 1.0, 1.0, 1.0, 1.0, 0.7894736842105263, 1.0, 1.0]"
63,hg51,0.8519537699504679,0.1095557535277343,"[0.8860759493670886, 0.8987341772151899, 0.8607594936708861, 0.810126582278481, 0.9367088607594937, 0.7215189873417721, 0.8860759493670886, 0.8734177215189873, 0.8354430379746836, 0.9240506329113924, 0.8860759493670886, 0.8481012658227848, 0.9367088607594937, 0.9367088607594937, 0.3924050632911392, 0.8860759493670886, 0.8481012658227848, 0.8607594936708861, 0.8481012658227848, 0.8227848101265823, 0.9367088607594937, 0.9113924050632911, 0.8481012658227848]",0.8804347826086957,0.11585141386499329,"[0.85, 0.9, 0.95, 0.75, 1.0, 0.8, 1.0, 0.9, 0.8, 1.0, 1.0, 0.85, 1.0, 1.0, 0.5, 0.85, 0.9, 0.8, 0.9, 0.75, 1.0, 0.9, 0.85]"
64,hg52,0.8855005753739932,0.1120207506060025,"[0.5316455696202531, 0.9873417721518988, 0.9620253164556962, 0.9873417721518988, 0.9113924050632911, 0.9240506329113924, 0.7848101265822784, 0.9873417721518988, 0.9240506329113924, 0.9367088607594937, 0.9493670886075949, 0.9620253164556962, 0.9240506329113924, 0.7341772151898734, 0.6708860759493671, 0.9620253164556962, 0.8481012658227848, 0.8607594936708861, 0.9367088607594937, 0.9240506329113924, 0.9367088607594937, 0.8354430379746836]",0.9090909090909091,0.11143318792846602,"[0.45, 0.95, 0.9, 0.95, 0.75, 0.95, 0.95, 0.95, 0.95, 0.95, 0.95, 0.95, 0.95, 0.85, 0.95, 0.9, 0.9, 0.95, 0.95, 0.95, 1.0, 0.95]"
65,hg53,0.8421404682274248,0.09785109590854714,"[0.7846153846153846, 0.8153846153846154, 0.8923076923076924, 0.9076923076923077, 0.8923076923076924, 0.7846153846153846, 0.8307692307692308, 0.8307692307692308, 0.9076923076923077, 0.9076923076923077, 0.5076923076923077, 0.6615384615384615, 0.7230769230769231, 0.8769230769230769, 0.8769230769230769, 0.8461538461538461, 0.8461538461538461, 0.8923076923076924, 0.9076923076923077, 0.8769230769230769, 0.9538461538461539, 0.9230769230769231, 0.9230769230769231]",0.959079283887468,0.11299602063618683,"[1.0, 1.0, 0.9411764705882353, 1.0, 1.0, 1.0, 1.0, 1.0, 0.9411764705882353, 1.0, 0.47058823529411764, 0.8235294117647058, 0.8823529411764706, 1.0, 1.0, 1.0, 1.0, 1.0, 1.0, 1.0, 1.0, 1.0, 1.0]"
66,hg54,0.8597222222222222,0.16935524367338256,"[0.9333333333333333, 0.9666666666666667, 0.9555555555555556, 0.9222222222222223, 0.9444444444444444, 0.7888888888888889, 0.8888888888888888, 0.9777777777777777, 0.9222222222222223, 0.3, 0.9777777777777777, 0.8888888888888888, 0.9333333333333333, 0.9, 0.8555555555555555, 0.9555555555555556, 0.4888888888888889, 0.9666666666666667, 0.5222222222222223, 0.9777777777777777, 0.8888888888888888, 0.9, 0.8555555555555555, 0.9222222222222223]",0.947463768115942,0.14635842544880348,"[1.0, 1.0, 1.0, 1.0, 1.0, 0.9565217391304348, 1.0, 1.0, 1.0, 0.391304347826087, 1.0, 1.0, 1.0, 1.0, 1.0, 1.0, 0.8695652173913043, 1.0, 0.5652173913043478, 1.0, 1.0, 0.9565217391304348, 1.0, 1.0]"
67,hg55,0.8427095292766934,0.08863843812100501,"[0.782051282051282, 0.6666666666666666, 0.7948717948717948, 0.9358974358974359, 0.9230769230769231, 0.7307692307692307, 0.6865671641791045, 0.8589743589743589, 0.9230769230769231, 0.8205128205128205, 0.9230769230769231, 0.8717948717948718, 0.9230769230769231, 0.9230769230769231, 0.8717948717948718, 0.8846153846153846, 0.9358974358974359, 0.8076923076923077, 0.8589743589743589, 0.717948717948718, 0.9615384615384616, 0.9358974358974359, 0.7692307692307693, 0.717948717948718]",0.8706018518518519,0.15735957197987666,"[0.75, 0.7, 0.9, 1.0, 1.0, 0.5, 0.4444444444444444, 0.85, 0.95, 0.85, 1.0, 0.95, 1.0, 1.0, 0.9, 1.0, 1.0, 0.95, 0.8, 0.8, 1.0, 1.0, 0.9, 0.65]"
68,hg56,0.7076470588235294,0.09030130264572914,"[0.6176470588235294, 0.6029411764705882, 0.7794117647058824, 0.6764705882352942, 0.7058823529411765, 0.6911764705882353, 0.6911764705882353, 0.7058823529411765, 0.6617647058823529, 0.7647058823529411, 0.7941176470588235, 0.7647058823529411, 0.6176470588235294, 0.8676470588235294, 0.6764705882352942, 0.47058823529411764, 0.6911764705882353, 0.7205882352941176, 0.6029411764705882, 0.7794117647058824, 0.8235294117647058, 0.8823529411764706, 0.7352941176470589, 0.6176470588235294, 0.75]",0.7333333333333333,0.13877773329774215,"[0.6111111111111112, 0.5555555555555556, 0.8333333333333334, 0.6111111111111112, 0.6111111111111112, 0.8888888888888888, 0.7777777777777778, 0.7777777777777778, 0.7222222222222222, 0.7222222222222222, 0.7777777777777778, 0.7777777777777778, 0.6666666666666666, 1.0, 0.6111111111111112, 0.3888888888888889, 0.7222222222222222, 0.7222222222222222, 0.6111111111111112, 0.8888888888888888, 0.9444444444444444, 0.9444444444444444, 0.7222222222222222, 0.6111111111111112, 0.8333333333333334]"
69,hg57,0.6520270270270271,0.0934006049087566,"[0.6081081081081081, 0.8918918918918919, 0.6486486486486487, 0.6486486486486487, 0.6216216216216216, 0.6081081081081081, 0.6621621621621622, 0.6081081081081081, 0.4594594594594595, 0.6351351351351351, 0.5, 0.5945945945945946, 0.6756756756756757, 0.8648648648648649, 0.5945945945945946, 0.6351351351351351, 0.6216216216216216, 0.7027027027027027, 0.7027027027027027, 0.5540540540540541, 0.7567567567567568, 0.6486486486486487, 0.7027027027027027, 0.7027027027027027]",0.6885964912280702,0.16775957455180068,"[0.5789473684210527, 1.0, 0.7894736842105263, 0.5263157894736842, 0.42105263157894735, 0.631578947368421, 0.6842105263157895, 0.6842105263157895, 0.42105263157894735, 0.7368421052631579, 0.42105263157894735, 0.5263157894736842, 0.6842105263157895, 1.0, 0.631578947368421, 0.5789473684210527, 0.6842105263157895, 0.8421052631578947, 0.8947368421052632, 0.5263157894736842, 0.8421052631578947, 0.8947368421052632, 0.7368421052631579, 0.7894736842105263]"
70,hg58,0.6509661835748792,0.11359721309123827,"[0.5833333333333334, 0.6527777777777778, 0.6111111111111112, 0.3611111111111111, 0.7638888888888888, 0.5555555555555556, 0.625, 0.7222222222222222, 0.5, 0.8194444444444444, 0.6805555555555556, 0.6944444444444444, 0.5833333333333334, 0.5555555555555556, 0.6944444444444444, 0.7916666666666666, 0.7916666666666666, 0.5555555555555556, 0.8611111111111112, 0.625, 0.75, 0.5833333333333334, 0.6111111111111112]",0.7116704805491989,0.20287560878079178,"[0.631578947368421, 0.631578947368421, 0.7368421052631579, 0.15789473684210525, 0.7368421052631579, 0.9473684210526315, 0.8421052631578947, 0.7894736842105263, 0.5789473684210527, 0.8947368421052632, 0.7894736842105263, 0.7368421052631579, 0.7894736842105263, 0.47368421052631576, 0.8421052631578947, 0.7368421052631579, 1.0, 0.42105263157894735, 1.0, 0.7368421052631579, 0.8947368421052632, 0.3684210526315789, 0.631578947368421]"
71,hg59,0.7727272727272726,0.17235784630639037,"[0.9014084507042254, 0.4507042253521127, 0.5352112676056338, 0.5070422535211268, 0.9295774647887324, 0.9436619718309859, 0.7887323943661971, 0.9577464788732394, 0.7605633802816901, 0.704225352112676, 0.7887323943661971, 0.5633802816901409, 0.9577464788732394, 0.9577464788732394, 0.7464788732394366, 0.5070422535211268, 0.8169014084507042, 0.9154929577464789, 0.5492957746478874, 0.9154929577464789, 0.8591549295774648, 0.9436619718309859]",0.8535353535353534,0.19858185102361106,"[1.0, 0.5555555555555556, 0.6111111111111112, 0.4444444444444444, 1.0, 1.0, 1.0, 1.0, 1.0, 0.5555555555555556, 0.8888888888888888, 0.6666666666666666, 1.0, 1.0, 1.0, 0.6111111111111112, 1.0, 1.0, 0.5555555555555556, 1.0, 0.8888888888888888, 1.0]"
72,hg60,0.7366666666666667,0.16791752825805975,"[0.9066666666666666, 0.5466666666666666, 0.92, 0.84, 0.9333333333333333, 0.5466666666666666, 0.92, 0.6533333333333333, 0.8666666666666667, 0.49333333333333335, 0.49333333333333335, 0.5866666666666667, 0.6, 0.9466666666666667, 0.7866666666666666, 0.64, 0.49333333333333335, 0.9066666666666666, 0.5333333333333333, 0.88, 0.88, 0.8933333333333333, 0.8133333333333334, 0.6]",0.8245614035087719,0.1979037574154119,"[1.0, 0.5263157894736842, 1.0, 0.8947368421052632, 1.0, 0.5789473684210527, 1.0, 0.5789473684210527, 1.0, 0.631578947368421, 0.631578947368421, 0.5263157894736842, 0.5789473684210527, 1.0, 1.0, 0.6842105263157895, 0.5789473684210527, 1.0, 0.631578947368421, 1.0, 1.0, 1.0, 1.0, 0.9473684210526315]"
73,hg61,0.7301136363636364,0.1103026628313476,"[0.609375, 0.78125, 0.734375, 0.734375, 0.609375, 0.8125, 0.578125, 0.65625, 0.796875, 0.671875, 0.859375, 0.78125, 0.71875, 0.5625, 0.625, 0.890625, 0.671875, 0.59375, 0.859375, 0.90625, 0.6875, 0.921875]",0.6844919786096256,0.2687132519016281,"[0.35294117647058826, 1.0, 0.5294117647058824, 0.5294117647058824, 0.29411764705882354, 1.0, 0.29411764705882354, 0.47058823529411764, 0.7058823529411765, 0.6470588235294118, 1.0, 0.9411764705882353, 0.6470588235294118, 0.5882352941176471, 0.4117647058823529, 1.0, 0.23529411764705882, 0.5882352941176471, 1.0, 1.0, 0.8235294117647058, 1.0]"
74,hg62,0.8008373205741628,0.1086691381848038,"[0.7236842105263158, 0.8552631578947368, 0.9078947368421053, 0.8421052631578947, 0.7894736842105263, 0.7763157894736842, 0.8421052631578947, 0.8947368421052632, 0.8157894736842105, 0.8026315789473685, 0.868421052631579, 0.7631578947368421, 0.42105263157894735, 0.9078947368421053, 0.8552631578947368, 0.6710526315789473, 0.7894736842105263, 0.8947368421052632, 0.8289473684210527, 0.6578947368421053, 0.7894736842105263, 0.9210526315789473]",0.8727272727272727,0.11650914198160268,"[0.8, 0.9, 1.0, 0.9, 0.9, 0.85, 0.85, 1.0, 0.9, 0.95, 0.9, 0.85, 0.45, 0.9, 0.85, 0.7, 0.85, 0.95, 0.95, 0.8, 0.95, 1.0]"
75,hg63,0.7531571876399462,0.19051970952291294,"[0.961038961038961, 0.5064935064935064, 0.44155844155844154, 0.935064935064935, 0.8831168831168831, 0.7922077922077922, 0.8181818181818182, 0.8571428571428571, 0.42857142857142855, 0.8571428571428571, 0.5172413793103449, 0.7272727272727273, 0.5324675324675324, 0.8051948051948052, 0.5194805194805194, 0.5064935064935064, 0.6233766233766234, 0.5714285714285714, 0.8181818181818182, 0.961038961038961, 0.9090909090909091, 0.974025974025974, 0.961038961038961, 0.948051948051948, 0.974025974025974]",0.8580000000000001,0.2265744910619905,"[1.0, 0.5, 0.4, 1.0, 1.0, 1.0, 1.0, 1.0, 0.35, 1.0, 1.0, 1.0, 0.65, 1.0, 0.5, 0.5, 1.0, 0.65, 1.0, 1.0, 0.9, 1.0, 1.0, 1.0, 1.0]"
76,hg64,0.6995884773662552,0.18265301251993535,"[0.5061728395061729, 0.5308641975308642, 0.8641975308641975, 0.5308641975308642, 0.5802469135802469, 0.9629629629629629, 0.9135802469135802, 0.7654320987654321, 0.9135802469135802, 0.4567901234567901, 0.5925925925925926, 0.49382716049382713, 0.5432098765432098, 0.9382716049382716, 0.6790123456790124, 0.5061728395061729, 0.49382716049382713, 0.7901234567901234, 0.9259259259259259, 0.7530864197530864, 0.9506172839506173]",0.7278911564625851,0.26252980749943405,"[0.5714285714285714, 0.5714285714285714, 1.0, 0.3333333333333333, 0.23809523809523808, 1.0, 1.0, 0.7619047619047619, 1.0, 0.47619047619047616, 0.6190476190476191, 0.47619047619047616, 0.47619047619047616, 1.0, 0.9047619047619048, 0.5714285714285714, 0.38095238095238093, 1.0, 0.9047619047619048, 1.0, 1.0]"
77,hg65,0.8612244897959184,0.07751520834418565,"[0.7571428571428571, 0.9142857142857143, 0.9285714285714286, 0.8714285714285714, 0.8, 0.7857142857142857, 0.9, 0.9714285714285714, 0.6142857142857143, 0.8571428571428571, 0.8142857142857143, 0.8, 0.9142857142857143, 0.9285714285714286, 0.9142857142857143, 0.8714285714285714, 0.8714285714285714, 0.8714285714285714, 0.9285714285714286, 0.8571428571428571, 0.9142857142857143]",0.9153439153439153,0.07785152893948233,"[0.7777777777777778, 0.8888888888888888, 1.0, 0.8888888888888888, 1.0, 0.8888888888888888, 0.8888888888888888, 1.0, 0.7222222222222222, 0.8888888888888888, 0.8888888888888888, 0.8333333333333334, 0.8888888888888888, 1.0, 1.0, 1.0, 0.8888888888888888, 0.8888888888888888, 1.0, 0.8888888888888888, 1.0]"
78,hg66,0.6623641304347826,0.13603929615829338,"[0.421875, 0.5625, 0.703125, 0.828125, 0.765625, 0.859375, 0.53125, 0.53125, 0.859375, 0.5625, 0.578125, 0.6875, 0.59375, 0.75, 0.578125, 0.796875, 0.890625, 0.5, 0.75, 0.828125, 0.5625, 0.53125, 0.5625]",0.680306905370844,0.2319624008874318,"[0.35294117647058826, 0.6470588235294118, 0.9411764705882353, 0.9411764705882353, 0.9411764705882353, 0.8235294117647058, 0.5882352941176471, 0.5882352941176471, 0.9411764705882353, 0.4117647058823529, 0.5882352941176471, 0.8235294117647058, 0.4117647058823529, 0.7647058823529411, 0.5882352941176471, 0.9411764705882353, 0.9411764705882353, 0.35294117647058826, 0.9411764705882353, 0.9411764705882353, 0.35294117647058826, 0.4117647058823529, 0.4117647058823529]"
79,hg67,0.6570771001150747,0.08958112983212228,"[0.5569620253164557, 0.6708860759493671, 0.8607594936708861, 0.5569620253164557, 0.5822784810126582, 0.759493670886076, 0.6962025316455697, 0.6708860759493671, 0.6582278481012658, 0.5316455696202531, 0.8607594936708861, 0.5316455696202531, 0.6329113924050633, 0.6582278481012658, 0.6582278481012658, 0.6075949367088608, 0.5949367088607594, 0.6329113924050633, 0.7215189873417721, 0.7215189873417721, 0.5822784810126582, 0.7088607594936709]",0.6295454545454544,0.1362309960967792,"[0.4, 0.65, 0.8, 0.65, 0.35, 0.7, 0.7, 0.65, 0.8, 0.65, 1.0, 0.5, 0.6, 0.5, 0.5, 0.55, 0.6, 0.6, 0.65, 0.7, 0.6, 0.7]"
80,hg68,0.5948717948717949,0.1146128032750103,"[0.6282051282051282, 0.6025641025641025, 0.782051282051282, 0.5897435897435898, 0.6666666666666666, 0.5384615384615384, 0.5512820512820513, 0.6025641025641025, 0.5, 0.47435897435897434, 0.47435897435897434, 0.5128205128205128, 0.5512820512820513, 0.5128205128205128, 0.8461538461538461, 0.5769230769230769, 0.44871794871794873, 0.4230769230769231, 0.46153846153846156, 0.5769230769230769, 0.6153846153846154, 0.8076923076923077, 0.6666666666666666, 0.6666666666666666, 0.7948717948717948]",0.556,0.1451344204522139,"[0.7, 0.75, 0.6, 0.4, 0.45, 0.4, 0.45, 0.6, 0.55, 0.35, 0.5, 0.55, 0.35, 0.5, 0.8, 0.65, 0.55, 0.3, 0.35, 0.7, 0.7, 0.7, 0.6, 0.6, 0.8]"
81,hg69,0.8914473684210525,0.1253026115443481,"[0.9342105263157895, 0.9605263157894737, 0.9605263157894737, 0.9605263157894737, 0.9342105263157895, 0.9605263157894737, 0.9342105263157895, 0.5526315789473685, 0.9736842105263158, 0.8289473684210527, 0.9605263157894737, 0.9210526315789473, 0.9210526315789473, 0.5394736842105263, 0.881578947368421, 0.9736842105263158, 0.9605263157894737, 0.9473684210526315, 0.9868421052631579, 0.631578947368421, 0.9210526315789473, 0.881578947368421, 0.9473684210526315, 0.9210526315789473]",0.93125,0.1477698802192111,"[1.0, 1.0, 1.0, 1.0, 1.0, 1.0, 1.0, 0.55, 1.0, 1.0, 1.0, 1.0, 1.0, 0.6, 1.0, 1.0, 1.0, 1.0, 1.0, 0.55, 0.9, 0.75, 1.0, 1.0]"
82,hg70,0.6402597402597402,0.11801043660304954,"[0.8142857142857143, 0.5428571428571428, 0.5285714285714286, 0.5857142857142857, 0.5857142857142857, 0.5857142857142857, 0.5857142857142857, 0.6142857142857143, 0.6285714285714286, 0.6285714285714286, 0.9285714285714286, 0.6142857142857143, 0.5142857142857142, 0.45714285714285713, 0.7714285714285715, 0.8142857142857143, 0.4857142857142857, 0.5857142857142857, 0.7142857142857143, 0.6142857142857143, 0.8, 0.6857142857142857]",0.7070707070707072,0.20527678215052098,"[1.0, 0.5, 0.6666666666666666, 0.6111111111111112, 0.5, 0.7777777777777778, 0.6111111111111112, 0.6666666666666666, 0.5555555555555556, 0.5555555555555556, 1.0, 1.0, 0.6111111111111112, 0.2777777777777778, 1.0, 0.8333333333333334, 0.5555555555555556, 0.4444444444444444, 0.8888888888888888, 0.6666666666666666, 0.9444444444444444, 0.8888888888888888]"
83,hg71,0.8046398046398047,0.08126769861926121,"[0.8589743589743589, 0.6410256410256411, 0.7564102564102564, 0.7692307692307693, 0.8589743589743589, 0.9102564102564102, 0.8717948717948718, 0.8205128205128205, 0.7307692307692307, 0.7051282051282052, 0.8717948717948718, 0.7051282051282052, 0.9615384615384616, 0.8333333333333334, 0.8717948717948718, 0.8461538461538461, 0.7307692307692307, 0.8461538461538461, 0.8589743589743589, 0.6923076923076923, 0.7564102564102564]",0.8738095238095237,0.1570706904997204,"[1.0, 0.7, 0.9, 0.75, 1.0, 0.95, 1.0, 0.95, 0.65, 0.75, 1.0, 0.5, 1.0, 1.0, 1.0, 0.95, 0.65, 1.0, 0.95, 0.65, 1.0]"
84,hg72,0.6882151029748284,0.10727726860859796,"[0.6578947368421053, 0.6447368421052632, 0.8947368421052632, 0.5263157894736842, 0.6842105263157895, 0.5921052631578947, 0.9210526315789473, 0.6842105263157895, 0.42105263157894735, 0.6973684210526315, 0.7105263157894737, 0.6578947368421053, 0.6842105263157895, 0.6710526315789473, 0.6710526315789473, 0.8289473684210527, 0.6710526315789473, 0.6578947368421053, 0.6973684210526315, 0.7631578947368421, 0.8289473684210527, 0.6710526315789473, 0.5921052631578947]",0.7782608695652175,0.14281798004918997,"[0.65, 0.7, 1.0, 0.45, 0.75, 0.6, 1.0, 0.95, 0.75, 0.9, 0.75, 0.8, 0.85, 0.75, 0.75, 0.95, 0.65, 0.8, 0.8, 0.9, 0.9, 0.75, 0.5]"
85,hg73,0.6435185185185184,0.10055085395383076,"[0.5972222222222222, 0.7222222222222222, 0.4861111111111111, 0.7083333333333334, 0.7222222222222222, 0.6944444444444444, 0.5972222222222222, 0.6666666666666666, 0.8055555555555556, 0.6388888888888888, 0.6111111111111112, 0.8055555555555556, 0.7916666666666666, 0.4861111111111111, 0.6111111111111112, 0.6805555555555556, 0.7361111111111112, 0.5416666666666666, 0.5972222222222222, 0.5416666666666666, 0.4722222222222222]",0.681704260651629,0.17975359475730435,"[0.5789473684210527, 0.6842105263157895, 0.5789473684210527, 0.7894736842105263, 0.8421052631578947, 0.6842105263157895, 0.7894736842105263, 0.7368421052631579, 0.9473684210526315, 0.631578947368421, 0.5263157894736842, 1.0, 0.8421052631578947, 0.21052631578947367, 0.5263157894736842, 0.6842105263157895, 0.8947368421052632, 0.5263157894736842, 0.7894736842105263, 0.5789473684210527, 0.47368421052631576]"
86,hg74,0.5964083175803403,0.1213479549368646,"[0.8478260869565217, 0.6739130434782609, 0.5108695652173914, 0.34782608695652173, 0.6739130434782609, 0.5869565217391305, 0.532608695652174, 0.782608695652174, 0.5978260869565217, 0.6195652173913043, 0.5, 0.40217391304347827, 0.5434782608695652, 0.5217391304347826, 0.5108695652173914, 0.5543478260869565, 0.7717391304347826, 0.6413043478260869, 0.4891304347826087, 0.6630434782608695, 0.7391304347826086, 0.5, 0.7065217391304348]",0.6847826086956521,0.18626853527575293,"[1.0, 0.875, 0.6666666666666666, 0.375, 0.8333333333333334, 0.5416666666666666, 0.5833333333333334, 1.0, 0.6666666666666666, 0.7083333333333334, 0.4583333333333333, 0.3333333333333333, 0.5833333333333334, 0.4583333333333333, 0.625, 0.75, 1.0, 0.7916666666666666, 0.5416666666666666, 0.7916666666666666, 0.8333333333333334, 0.625, 0.7083333333333334]"
87,hg75,0.6022222222222222,0.13453624047073712,"[0.5972222222222222, 0.5, 0.6805555555555556, 0.4444444444444444, 0.7222222222222222, 0.5, 0.3888888888888889, 0.4722222222222222, 0.8055555555555556, 0.75, 0.6388888888888888, 0.8055555555555556, 0.3888888888888889, 0.7361111111111112, 0.6527777777777778, 0.7777777777777778, 0.7916666666666666, 0.4444444444444444, 0.4583333333333333, 0.6388888888888888, 0.4444444444444444, 0.6388888888888888, 0.5416666666666666, 0.5555555555555556, 0.6805555555555556]",0.6484210526315789,0.17659130084640648,"[0.47368421052631576, 0.6842105263157895, 0.8421052631578947, 0.2631578947368421, 0.8421052631578947, 0.47368421052631576, 0.47368421052631576, 0.5263157894736842, 0.8421052631578947, 0.8421052631578947, 0.7368421052631579, 0.7894736842105263, 0.3684210526315789, 0.8421052631578947, 0.7368421052631579, 0.8421052631578947, 0.8421052631578947, 0.5263157894736842, 0.47368421052631576, 0.631578947368421, 0.3684210526315789, 0.6842105263157895, 0.631578947368421, 0.6842105263157895, 0.7894736842105263]"
88,hg76,0.5753424657534245,0.10675028140342138,"[0.4520547945205479, 0.4246575342465753, 0.4246575342465753, 0.4931506849315068, 0.6986301369863014, 0.547945205479452, 0.6438356164383562, 0.547945205479452, 0.6575342465753424, 0.7808219178082192, 0.4383561643835616, 0.726027397260274, 0.4657534246575342, 0.4931506849315068, 0.6438356164383562, 0.4794520547945205, 0.726027397260274, 0.6164383561643836, 0.6438356164383562, 0.5205479452054794, 0.6575342465753424, 0.5753424657534246]",0.6244019138755981,0.16437687451006588,"[0.5789473684210527, 0.42105263157894735, 0.47368421052631576, 0.47368421052631576, 0.7894736842105263, 0.47368421052631576, 0.5789473684210527, 0.5789473684210527, 0.7894736842105263, 0.8947368421052632, 0.5263157894736842, 0.8421052631578947, 0.5263157894736842, 0.631578947368421, 0.7894736842105263, 0.3157894736842105, 0.7368421052631579, 0.9473684210526315, 0.7368421052631579, 0.47368421052631576, 0.5263157894736842, 0.631578947368421]"
89,hg77,0.8649167733674775,0.08521461045803164,"[0.9014084507042254, 0.8732394366197183, 0.9154929577464789, 0.8028169014084507, 0.8591549295774648, 0.8169014084507042, 0.9436619718309859, 0.704225352112676, 0.9014084507042254, 0.7746478873239436, 0.9577464788732394, 0.9295774647887324, 0.9436619718309859, 0.9436619718309859, 0.9014084507042254, 0.8873239436619719, 0.9154929577464789, 0.8591549295774648, 0.9154929577464789, 0.8309859154929577, 0.8591549295774648, 0.5915492957746479]",0.9469696969696969,0.10787883516815064,"[1.0, 0.9444444444444444, 1.0, 0.8888888888888888, 0.8888888888888888, 1.0, 1.0, 0.6666666666666666, 1.0, 1.0, 1.0, 1.0, 1.0, 1.0, 1.0, 1.0, 1.0, 1.0, 1.0, 0.8333333333333334, 1.0, 0.6111111111111112]"
90,hg78,0.84349811395672,0.13618645271694196,"[0.8666666666666667, 0.9666666666666667, 0.8888888888888888, 0.8666666666666667, 0.9444444444444444, 0.8444444444444444, 0.9555555555555556, 0.9111111111111111, 0.8111111111111111, 0.8777777777777778, 0.9333333333333333, 0.7444444444444445, 0.9111111111111111, 0.7, 0.9222222222222223, 0.9333333333333333, 0.9222222222222223, 0.4777777777777778, 0.7671232876712328, 0.9666666666666667, 0.9555555555555556, 0.7666666666666667, 0.4666666666666667]",0.91650913673598,0.20058849663074457,"[1.0, 1.0, 1.0, 1.0, 1.0, 1.0, 0.9565217391304348, 1.0, 1.0, 1.0, 1.0, 0.7391304347826086, 1.0, 1.0, 1.0, 1.0, 1.0, 0.782608695652174, 0.16666666666666666, 1.0, 1.0, 0.9565217391304348, 0.4782608695652174]"
91,hg79,0.8809523809523809,0.08024729399098109,"[0.9431818181818182, 0.9545454545454546, 0.8181818181818182, 0.9545454545454546, 0.7613636363636364, 0.875, 0.9659090909090909, 0.9659090909090909, 0.9318181818181818, 0.6704545454545454, 0.9090909090909091, 0.9545454545454546, 0.8522727272727273, 0.9090909090909091, 0.8295454545454546, 0.9431818181818182, 0.875, 0.9431818181818182, 0.8068181818181818, 0.8863636363636364, 0.75]",0.9627329192546584,0.09226616958657222,"[1.0, 1.0, 1.0, 1.0, 0.8695652173913043, 1.0, 1.0, 1.0, 1.0, 0.6521739130434783, 1.0, 1.0, 0.9565217391304348, 1.0, 1.0, 1.0, 1.0, 1.0, 1.0, 1.0, 0.7391304347826086]"
92,hg80,0.8030888030888034,0.1396648436114743,"[0.9594594594594594, 0.8648648648648649, 0.8108108108108109, 0.8648648648648649, 0.8783783783783784, 0.8918918918918919, 0.9459459459459459, 0.8513513513513513, 0.9324324324324325, 0.9324324324324325, 0.9324324324324325, 0.6081081081081081, 0.7162162162162162, 0.6216216216216216, 0.7972972972972973, 0.8783783783783784, 0.918918918918919, 0.6486486486486487, 0.7837837837837838, 0.5405405405405406, 0.4864864864864865]",0.9147869674185463,0.11539713717515127,"[1.0, 0.9473684210526315, 1.0, 0.8947368421052632, 1.0, 0.8947368421052632, 1.0, 0.7894736842105263, 1.0, 1.0, 1.0, 0.8947368421052632, 1.0, 0.7894736842105263, 1.0, 1.0, 1.0, 0.8421052631578947, 0.8947368421052632, 0.631578947368421, 0.631578947368421]"
93,hg81,0.7956043956043958,0.08909461092620279,"[0.7538461538461538, 0.8615384615384616, 0.7846153846153846, 0.8, 0.8461538461538461, 0.8461538461538461, 0.8461538461538461, 0.5846153846153846, 0.6461538461538462, 0.8923076923076924, 0.9076923076923077, 0.8, 0.8, 0.7692307692307693, 0.7846153846153846, 0.8, 0.9076923076923077, 0.9230769230769231, 0.7538461538461538, 0.7846153846153846, 0.6153846153846154]",0.9215686274509804,0.0949079795299575,"[0.8823529411764706, 1.0, 0.8823529411764706, 1.0, 1.0, 0.8823529411764706, 1.0, 0.7058823529411765, 0.7647058823529411, 1.0, 1.0, 0.8823529411764706, 1.0, 0.8823529411764706, 1.0, 0.9411764705882353, 1.0, 1.0, 0.8823529411764706, 0.9411764705882353, 0.7058823529411765]"
94,hg82,0.8211887561359635,0.13543678874575182,"[0.9344262295081968, 0.9672131147540983, 0.9016393442622951, 0.9344262295081968, 0.6721311475409836, 0.6101694915254238, 0.7213114754098361, 0.9508196721311475, 0.7540983606557377, 0.8688524590163934, 0.5901639344262295, 0.7049180327868853, 0.8852459016393442, 0.9508196721311475, 0.9672131147540983, 0.9344262295081968, 0.8360655737704918, 0.9508196721311475, 0.9180327868852459, 0.819672131147541, 0.8852459016393442, 0.819672131147541, 0.5245901639344263, 0.6065573770491803]",0.9203869047619048,0.13132177000594505,"[1.0, 1.0, 1.0, 1.0, 0.75, 0.7142857142857143, 1.0, 1.0, 0.9375, 1.0, 0.75, 0.8125, 1.0, 1.0, 1.0, 1.0, 1.0, 1.0, 1.0, 0.9375, 1.0, 0.9375, 0.5, 0.75]"
95,hg83,0.8653198653198652,0.10341932917278589,"[0.8641975308641975, 0.9382716049382716, 0.9506172839506173, 0.9382716049382716, 0.9012345679012346, 0.7777777777777778, 0.9382716049382716, 0.9629629629629629, 0.7407407407407407, 0.8271604938271605, 0.5555555555555556, 0.9012345679012346, 0.7283950617283951, 0.9259259259259259, 0.9259259259259259, 0.8395061728395061, 0.9506172839506173, 0.8765432098765432, 0.9382716049382716, 0.9135802469135802, 0.691358024691358, 0.9506172839506173]",0.9545454545454546,0.07926334815411495,"[0.9523809523809523, 1.0, 1.0, 1.0, 1.0, 0.7619047619047619, 1.0, 1.0, 0.8571428571428571, 0.9523809523809523, 0.7619047619047619, 1.0, 0.8095238095238095, 1.0, 1.0, 0.9047619047619048, 1.0, 1.0, 1.0, 1.0, 1.0, 1.0]"
96,hg84,0.8336686787391011,0.12489264224283675,"[0.9436619718309859, 0.9154929577464789, 0.9295774647887324, 0.8873239436619719, 0.8873239436619719, 0.8873239436619719, 0.676056338028169, 0.9295774647887324, 0.8591549295774648, 0.9154929577464789, 0.8873239436619719, 0.647887323943662, 0.8309859154929577, 0.9154929577464789, 0.9295774647887324, 0.8169014084507042, 0.4647887323943662, 0.8873239436619719, 0.647887323943662, 0.7183098591549296, 0.9295774647887324]",0.8862433862433864,0.17691273542116917,"[1.0, 1.0, 1.0, 0.9444444444444444, 0.9444444444444444, 0.8888888888888888, 0.7222222222222222, 1.0, 1.0, 1.0, 0.9444444444444444, 0.6666666666666666, 0.8888888888888888, 1.0, 1.0, 1.0, 0.3333333333333333, 1.0, 0.6111111111111112, 0.6666666666666666, 1.0]"
97,hg85,0.8319273199221288,0.091818331762876,"[0.9402985074626866, 0.9104477611940298, 0.8805970149253731, 0.8656716417910447, 0.582089552238806, 0.8208955223880597, 0.582089552238806, 0.9104477611940298, 0.8805970149253731, 0.8955223880597015, 0.746268656716418, 0.9402985074626866, 0.8507462686567164, 0.8208955223880597, 0.7910447761194029, 0.8805970149253731, 0.8507462686567164, 0.8059701492537313, 0.7761194029850746, 0.7910447761194029, 0.8955223880597015, 0.8656716417910447, 0.8507462686567164]",0.9181585677749361,0.12950372277413977,"[1.0, 1.0, 1.0, 1.0, 0.5882352941176471, 0.8823529411764706, 0.5882352941176471, 1.0, 0.9411764705882353, 1.0, 0.6470588235294118, 1.0, 0.9411764705882353, 1.0, 0.9411764705882353, 1.0, 0.9411764705882353, 0.8235294117647058, 1.0, 0.8823529411764706, 0.9411764705882353, 1.0, 1.0]"
98,hg86,0.823913043478261,0.12623913230658648,"[0.85, 0.775, 0.8625, 0.675, 0.9125, 0.65, 0.9125, 0.9125, 0.8375, 0.9125, 0.8, 0.9375, 0.9125, 0.9125, 0.9, 0.6625, 0.775, 0.95, 0.4875, 0.9125, 0.575, 0.9125, 0.9125]",0.917184265010352,0.1638883430820977,"[1.0, 0.9047619047619048, 1.0, 0.6190476190476191, 1.0, 0.9047619047619048, 1.0, 1.0, 1.0, 1.0, 1.0, 1.0, 1.0, 1.0, 1.0, 0.7619047619047619, 0.9523809523809523, 1.0, 0.42857142857142855, 1.0, 0.5238095238095238, 1.0, 1.0]"
99,hg87,0.8282548476454293,0.12242936886642686,"[0.6710526315789473, 0.8157894736842105, 0.9473684210526315, 0.8947368421052632, 0.8947368421052632, 0.9342105263157895, 0.6578947368421053, 0.9473684210526315, 0.881578947368421, 0.9078947368421053, 0.9078947368421053, 0.8947368421052632, 0.5657894736842105, 0.6973684210526315, 0.8421052631578947, 0.8289473684210527, 0.9473684210526315, 0.9078947368421053, 0.5921052631578947]",0.9,0.16059101370939327,"[0.85, 0.85, 1.0, 1.0, 1.0, 1.0, 0.6, 1.0, 1.0, 0.95, 1.0, 1.0, 0.6, 0.75, 1.0, 1.0, 1.0, 1.0, 0.5]"
100,hg88,0.6298701298701299,0.10760917804660097,"[0.6704545454545454, 0.6818181818181818, 0.6136363636363636, 0.48863636363636365, 0.5681818181818182, 0.5795454545454546, 0.8295454545454546, 0.6818181818181818, 0.5340909090909091, 0.6818181818181818, 0.45454545454545453, 0.6704545454545454, 0.7159090909090909, 0.7613636363636364, 0.7159090909090909, 0.5227272727272727, 0.4772727272727273, 0.5909090909090909, 0.5681818181818182, 0.8522727272727273, 0.5681818181818182]",0.6708074534161491,0.22753613768961742,"[0.6956521739130435, 0.6086956521739131, 0.4782608695652174, 0.30434782608695654, 0.6956521739130435, 0.6086956521739131, 1.0, 0.9565217391304348, 0.4782608695652174, 0.7391304347826086, 0.2608695652173913, 0.5652173913043478, 0.9130434782608695, 1.0, 1.0, 0.5652173913043478, 0.5652173913043478, 0.6956521739130435, 0.391304347826087, 1.0, 0.5652173913043478]"
101,hg89,0.7514029180695847,0.10331117621951565,"[0.4074074074074074, 0.7407407407407407, 0.8271604938271605, 0.7407407407407407, 0.7901234567901234, 0.7037037037037037, 0.6790123456790124, 0.6790123456790124, 0.7407407407407407, 0.7530864197530864, 0.7037037037037037, 0.7777777777777778, 0.7777777777777778, 0.691358024691358, 0.7407407407407407, 0.9135802469135802, 0.8765432098765432, 0.6790123456790124, 0.9012345679012346, 0.7654320987654321, 0.8888888888888888, 0.7530864197530864]",0.761904761904762,0.1781741612749496,"[0.38095238095238093, 0.7619047619047619, 0.9523809523809523, 0.7142857142857143, 1.0, 0.6190476190476191, 0.42857142857142855, 0.6666666666666666, 0.7619047619047619, 0.7142857142857143, 0.5714285714285714, 0.7619047619047619, 0.8571428571428571, 0.7142857142857143, 0.7619047619047619, 1.0, 1.0, 0.5714285714285714, 1.0, 0.8095238095238095, 1.0, 0.7142857142857143]"
102,hg90,0.6307634164777022,0.1185519802709907,"[0.7777777777777778, 0.7361111111111112, 0.6111111111111112, 0.6111111111111112, 0.4583333333333333, 0.7638888888888888, 0.8194444444444444, 0.625, 0.6071428571428571, 0.4027777777777778, 0.7222222222222222, 0.5555555555555556, 0.5138888888888888, 0.5555555555555556, 0.7083333333333334, 0.625, 0.7361111111111112, 0.8333333333333334, 0.4861111111111111, 0.5555555555555556, 0.5416666666666666]",0.6340852130325814,0.2400787972897854,"[0.8947368421052632, 0.8421052631578947, 0.5789473684210527, 0.6842105263157895, 0.3684210526315789, 1.0, 0.8421052631578947, 0.6842105263157895, 0.0, 0.5263157894736842, 0.6842105263157895, 0.631578947368421, 0.2631578947368421, 0.3684210526315789, 0.9473684210526315, 0.631578947368421, 0.7894736842105263, 0.8947368421052632, 0.47368421052631576, 0.631578947368421, 0.5789473684210527]"
103,hg91,0.8126262626262626,0.07721989347156881,"[0.8888888888888888, 0.8333333333333334, 0.8222222222222222, 0.8222222222222222, 0.8111111111111111, 0.8111111111111111, 0.7888888888888889, 0.8, 0.9, 0.8222222222222222, 0.8333333333333334, 0.8, 0.6333333333333333, 0.7666666666666667, 0.8333333333333334, 0.8444444444444444, 0.9, 0.8444444444444444, 0.9333333333333333, 0.7777777777777778, 0.5777777777777777, 0.8333333333333334]",0.8517786561264825,0.11097150309380598,"[1.0, 0.8695652173913043, 0.8260869565217391, 0.7391304347826086, 0.9130434782608695, 0.8260869565217391, 0.8695652173913043, 0.782608695652174, 1.0, 0.7391304347826086, 0.8260869565217391, 0.8260869565217391, 0.6521739130434783, 0.782608695652174, 1.0, 0.8260869565217391, 1.0, 0.9565217391304348, 1.0, 0.9130434782608695, 0.6086956521739131, 0.782608695652174]"
104,hg92,0.8247863247863249,0.10360493950769792,"[0.782051282051282, 0.9358974358974359, 0.8846153846153846, 0.46153846153846156, 0.7435897435897436, 0.8717948717948718, 0.717948717948718, 0.8205128205128205, 0.8974358974358975, 0.9230769230769231, 0.8333333333333334, 0.9230769230769231, 0.9358974358974359, 0.7692307692307693, 0.7948717948717948, 0.8076923076923077, 0.8974358974358975, 0.782051282051282, 0.8974358974358975, 0.8846153846153846, 0.6794871794871795, 0.782051282051282, 0.8717948717948718, 0.8974358974358975]",0.9270833333333334,0.08288944276699067,"[0.85, 1.0, 1.0, 0.8, 0.85, 0.9, 0.8, 0.95, 1.0, 1.0, 0.85, 0.95, 1.0, 1.0, 0.9, 0.9, 1.0, 0.9, 1.0, 1.0, 0.7, 0.9, 1.0, 1.0]"
105,hg93,0.7825086306098964,0.11969991828718844,"[0.8860759493670886, 0.8227848101265823, 0.620253164556962, 0.8734177215189873, 0.8354430379746836, 0.5316455696202531, 0.7848101265822784, 0.7341772151898734, 0.4050632911392405, 0.8354430379746836, 0.8481012658227848, 0.8481012658227848, 0.6835443037974683, 0.8227848101265823, 0.8227848101265823, 0.7848101265822784, 0.8860759493670886, 0.8734177215189873, 0.8227848101265823, 0.7721518987341772, 0.8481012658227848, 0.8734177215189873]",0.8795454545454544,0.15274688726860502,"[0.95, 0.95, 0.75, 0.9, 0.95, 0.8, 0.85, 0.85, 0.3, 0.9, 0.9, 0.95, 0.65, 0.9, 0.95, 0.9, 1.0, 1.0, 1.0, 0.9, 1.0, 1.0]"
106,hg94,0.8063973063973063,0.09900268666878423,"[0.8518518518518519, 0.5555555555555556, 0.7901234567901234, 0.7777777777777778, 0.8024691358024691, 0.9506172839506173, 0.7901234567901234, 0.7777777777777778, 0.6296296296296297, 0.9012345679012346, 0.8765432098765432, 0.8271604938271605, 0.6666666666666666, 0.8395061728395061, 0.8271604938271605, 0.9012345679012346, 0.8888888888888888, 0.9135802469135802, 0.691358024691358, 0.7901234567901234, 0.7530864197530864, 0.9382716049382716]",0.9415584415584416,0.09072853642915446,"[1.0, 0.6190476190476191, 0.8571428571428571, 0.9047619047619048, 1.0, 1.0, 0.9047619047619048, 0.8571428571428571, 0.9047619047619048, 1.0, 1.0, 1.0, 0.8095238095238095, 1.0, 0.9523809523809523, 1.0, 1.0, 1.0, 0.9523809523809523, 0.9523809523809523, 1.0, 1.0]"
107,hg95,0.9106933019976499,0.09453070953659193,"[0.918918918918919, 0.8783783783783784, 0.972972972972973, 0.972972972972973, 0.8783783783783784, 0.8783783783783784, 0.9324324324324325, 0.8918918918918919, 0.9459459459459459, 0.9054054054054054, 0.918918918918919, 0.918918918918919, 0.972972972972973, 0.9459459459459459, 0.9864864864864865, 0.8783783783783784, 0.9594594594594594, 0.5, 0.972972972972973, 0.8918918918918919, 0.9054054054054054, 0.9459459459459459, 0.972972972972973]",0.9702517162471397,0.09794478059053867,"[0.9473684210526315, 1.0, 1.0, 1.0, 1.0, 1.0, 1.0, 0.9473684210526315, 1.0, 1.0, 1.0, 1.0, 1.0, 1.0, 1.0, 0.8947368421052632, 1.0, 0.5263157894736842, 1.0, 1.0, 1.0, 1.0, 1.0]"
108,hg96,0.9146666666666668,0.05694441734416699,"[0.92, 0.9733333333333334, 0.7733333333333333, 0.9333333333333333, 0.9466666666666667, 0.9333333333333333, 0.76, 0.96, 0.88, 0.88, 0.96, 0.96, 0.88, 0.9466666666666667, 0.92, 0.96, 0.9333333333333333, 0.8933333333333333, 0.92, 0.96]",0.9921052631578947,0.034412360080584264,"[1.0, 1.0, 1.0, 1.0, 1.0, 1.0, 0.8421052631578947, 1.0, 1.0, 1.0, 1.0, 1.0, 1.0, 1.0, 1.0, 1.0, 1.0, 1.0, 1.0, 1.0]"
109,hg97,0.7154663518299882,0.12276359793677409,"[0.8961038961038961, 0.6883116883116883, 0.7272727272727273, 0.6493506493506493, 0.7272727272727273, 0.5584415584415584, 0.7012987012987013, 0.7532467532467533, 0.8181818181818182, 0.8181818181818182, 0.7402597402597403, 0.6623376623376623, 0.6103896103896104, 0.8961038961038961, 0.922077922077922, 0.7402597402597403, 0.7012987012987013, 0.4155844155844156, 0.5584415584415584, 0.7272727272727273, 0.5714285714285714, 0.8571428571428571]",0.775,0.16149162657718652,"[0.95, 0.4, 0.9, 0.8, 0.75, 0.8, 0.8, 0.8, 0.95, 0.95, 0.9, 0.75, 0.5, 0.95, 1.0, 0.65, 0.75, 0.65, 0.55, 0.8, 0.55, 0.9]"
110,hg98,0.7189666036546943,0.13932059641759176,"[0.4492753623188406, 0.8115942028985508, 0.9130434782608695, 0.463768115942029, 0.6956521739130435, 0.7246376811594203, 0.7101449275362319, 0.6086956521739131, 0.8840579710144928, 0.6666666666666666, 0.782608695652174, 0.9130434782608695, 0.782608695652174, 0.7246376811594203, 0.7536231884057971, 0.9130434782608695, 0.8115942028985508, 0.6811594202898551, 0.8405797101449275, 0.4057971014492754, 0.6666666666666666, 0.7101449275362319, 0.6231884057971014]",0.8019323671497586,0.17554920106866298,"[0.5, 1.0, 1.0, 0.3888888888888889, 0.7222222222222222, 0.7777777777777778, 0.8333333333333334, 0.8333333333333334, 1.0, 0.8888888888888888, 0.8333333333333334, 1.0, 0.8333333333333334, 0.7777777777777778, 0.7222222222222222, 1.0, 1.0, 0.7777777777777778, 0.9444444444444444, 0.4444444444444444, 0.6111111111111112, 0.7777777777777778, 0.7777777777777778]"
111,hg99,0.7978021978021979,0.12882945837145357,"[0.5538461538461539, 0.9076923076923077, 0.5538461538461539, 0.7384615384615385, 0.5846153846153846, 0.7076923076923077, 0.8461538461538461, 0.9230769230769231, 0.9384615384615385, 0.9076923076923077, 0.7538461538461538, 0.9384615384615385, 0.9384615384615385, 0.8307692307692308, 0.6153846153846154, 0.7538461538461538, 0.7384615384615385, 0.9076923076923077, 0.8923076923076924, 0.8615384615384616, 0.8615384615384616]",0.9103641456582633,0.1316824568464219,"[0.6470588235294118, 1.0, 0.5882352941176471, 0.9411764705882353, 0.7058823529411765, 0.8235294117647058, 0.8823529411764706, 1.0, 1.0, 1.0, 1.0, 1.0, 1.0, 1.0, 0.8823529411764706, 0.7058823529411765, 1.0, 1.0, 1.0, 0.9411764705882353, 1.0]"
