,concept,listnum,first_quarter_sd,first_quarter_se,first_quarter_mean,overall_mean,overall_se,overall_sd,last_quarter_se,last_quarter_mean,last_quarter_firstquartile,last_quarter_firstdecile,last_quarter_firstquintile,last_quarter_median,last_quarter_thirdquartile,last_quarter_firstpercentile,last_quarter_fifthpercentile,last_quarter_sd
0,hg01,L1,0.040786223998464585,0.026111648393354676,0.75,0.9212988442487616,0.012120371791714496,0.056849582866777,0.00869565217391304,0.991304347826087,1.0,1.0,1.0,1.0,1.0,0.8440000000000001,1.0,0.040786223998464585
1,hg01,L2,0.01301868095157909,0.01359628399269722,0.7982954545454546,0.9458874458874459,0.004388717554327729,0.02011163039648829,0.0028409090909090906,0.9971590909090909,1.0,1.0,1.0,1.0,1.0,0.950625,1.0,0.01301868095157909
2,hg02,L1,0.12798289660512185,0.030098275601752652,0.7574370709382151,0.895308924485126,0.025556958504426467,0.11987276094231532,0.027286045237478004,0.9473684210526315,1.0,0.8526315789473684,0.968421052631579,1.0,1.0,0.5378947368421052,0.6052631578947368,0.12798289660512185
3,hg02,L2,0.1741228014936585,0.04521876648146501,0.6699999999999999,0.8641025641025643,0.034606636571404725,0.1508468315905921,0.03994651028826582,0.9324999999999999,1.0,0.835,0.9700000000000001,1.0,1.0,0.3355,0.6775,0.1741228014936585
4,hg03,L1,0.11411263827848356,0.025215521228451946,0.825,0.9090909090909091,0.021338237635529216,0.09778408916176817,0.024901419174393626,0.9431818181818182,0.9624999999999999,0.805,0.91,1.0,1.0,0.6105,0.6575000000000001,0.11411263827848356
5,hg03,L2,0.0213160044326853,0.019159403245722614,0.8198757763975157,0.950689289501591,0.0052269797985793455,0.024516708423535257,0.004544587414887874,0.9937888198757764,1.0,1.0,1.0,1.0,1.0,0.9152380952380953,0.9571428571428572,0.0213160044326853
6,hg04,L1,0.08316442937969087,0.02366487055328236,0.8409090909090908,0.9290697674418602,0.013201374178787723,0.05754345596120293,0.01907922859806829,0.975,1.0,0.9863636363636363,1.0,1.0,1.0,0.6795454545454546,0.8522727272727273,0.08316442937969087
7,hg04,L2,0.11922294579911995,0.0218276327668194,0.8106060606060607,0.9175324675324673,0.02514964169899774,0.11525013678667494,0.026016579700004025,0.9671717171717172,1.0,1.0,1.0,1.0,1.0,0.5261111111111111,0.8416666666666667,0.11922294579911995
8,hg05,L1,0.12470395502002832,0.028505214279472963,0.7142857142857143,0.8816137566137566,0.028730664196981982,0.12848743636634224,0.027884652048785947,0.9576719576719577,1.0,0.8333333333333334,1.0,1.0,1.0,0.5222222222222223,0.8333333333333334,0.12470395502002832
9,hg05,L2,0.09501807276770548,0.017409017444606677,0.8152173913043478,0.9232209737827715,0.01516336174076583,0.0727209282357588,0.019812637767990603,0.9619565217391305,0.9565217391304348,0.9260869565217392,0.9565217391304348,1.0,1.0,0.6152173913043478,0.8021739130434783,0.09501807276770548
10,hg06,L1,0.16669085497132197,0.025488740530932554,0.5991735537190084,0.8160676532769556,0.030058552245356845,0.13774559094513256,0.03637492669347566,0.9194214876033058,0.9545454545454546,0.7454545454545455,0.9181818181818182,1.0,1.0,0.3922727272727272,0.5113636363636364,0.16669085497132197
11,hg06,L2,0.16366548021494529,0.028503066769390874,0.7130434782608696,0.8249721293199552,0.027589029902397016,0.1294040206524428,0.03489359762451132,0.8869565217391304,0.825,0.63,0.77,1.0,1.0,0.444,0.6,0.16366548021494529
12,hg07,L1,0.16048413638204337,0.03662851034671215,0.6746031746031745,0.8551587301587301,0.03238242747444178,0.14481861821861733,0.03588534382605962,0.9338624338624338,1.0,0.7777777777777778,1.0,1.0,1.0,0.4222222222222222,0.5555555555555556,0.16048413638204337
13,hg07,L2,0.11510415692818728,0.028373354146131034,0.765909090909091,0.8927738927738926,0.025842055967415706,0.11842317758396775,0.025117786282261613,0.9568181818181819,1.0,0.905,1.0,1.0,1.0,0.6,0.615,0.11510415692818728
14,hg08,L1,0.09309866317149945,0.024852561658679315,0.7577639751552796,0.9024390243902438,0.023153854838946945,0.10860120563726072,0.01984870167991337,0.9627329192546583,1.0,0.8666666666666666,1.0,1.0,1.0,0.6504761904761904,0.7714285714285714,0.09309866317149945
15,hg08,L2,0.16595821265361876,0.028684257179275197,0.725877192982456,0.875,0.026684602777244344,0.12797485918618653,0.03460467946942873,0.9407894736842106,1.0,0.7789473684210527,1.0,1.0,1.0,0.3763157894736842,0.5947368421052632,0.16595821265361876
16,hg09,L1,0.15978667447564887,0.031065928589382116,0.7394957983193278,0.8564213564213565,0.031290181174769456,0.13993394427013747,0.035729386602618145,0.9187675070028011,1.0,0.7058823529411765,0.8235294117647058,1.0,1.0,0.48235294117647054,0.5294117647058824,0.15978667447564887
17,hg09,L2,0.18297065576087665,0.029481105649341123,0.7391304347826086,0.8862876254180602,0.029165232422647146,0.1367970657940974,0.0390094748802747,0.9500000000000001,1.0,0.95,0.97,1.0,1.0,0.276,0.905,0.18297065576087665
18,hg10,L1,0.03751034974209465,0.031031172229135328,0.7894736842105262,0.9204260651629073,0.01295190228947081,0.05792266791438378,0.008387569188311534,0.9824561403508772,1.0,0.9473684210526316,0.9473684210526316,1.0,1.0,0.8631578947368421,0.9473684210526316,0.03751034974209465
19,hg10,L2,0.010733216841701199,0.01807108706510006,0.7139588100686499,0.9106611078022632,0.0069897119356735335,0.032784655019709064,0.002288329519450798,0.9977116704805491,1.0,1.0,1.0,1.0,1.0,0.9589473684210527,1.0,0.010733216841701199
20,hg100,L1,0.18631829264148894,0.03111528794017082,0.5111111111111111,0.7500000000000001,0.033988372308804866,0.1481518801495166,0.04274434783985727,0.8638888888888889,0.7777777777777778,0.55,0.7444444444444445,1.0,1.0,0.45499999999999996,0.49722222222222223,0.18631829264148894
21,hg100,L2,0.1687739461136146,0.02829575017380093,0.47883597883597884,0.7108843537414967,0.029769192499375596,0.1331318761277614,0.03773900163409287,0.8386243386243386,0.7222222222222222,0.5555555555555556,0.7222222222222222,0.8888888888888888,1.0,0.5,0.5,0.1687739461136146
22,hg101,L1,0.15841945580041442,0.023070934834911377,0.49043062200956933,0.5586124401913876,0.025545916691217307,0.11706609693453915,0.03456995941710047,0.7057416267942584,0.5789473684210527,0.5263157894736842,0.5789473684210527,0.6842105263157895,0.7763157894736842,0.4847368421052631,0.5263157894736842,0.15841945580041442
23,hg101,L2,0.16066640121804918,0.01623510229123393,0.5808080808080809,0.6577922077922076,0.021215749440439927,0.09722277773603298,0.03506028310561216,0.6666666666666667,0.5555555555555556,0.5,0.5111111111111111,0.6388888888888888,0.8055555555555556,0.4444444444444444,0.4472222222222222,0.16066640121804918
24,hg102,L1,0.15281071217867287,0.016475694864243266,0.6411483253588517,0.6163636363636363,0.020099451018887517,0.09210725572110934,0.03334603121708946,0.7081339712918661,0.631578947368421,0.5263157894736842,0.5473684210526316,0.6842105263157895,0.7894736842105263,0.4736842105263157,0.47631578947368414,0.15281071217867287
25,hg102,L2,0.21358993356949718,0.020393916635820408,0.4458333333333333,0.5485232067510548,0.021787455566739628,0.1044889662197451,0.04453657984673323,0.6104166666666667,0.45,0.35,0.43000000000000005,0.55,0.7625,0.2615,0.3075,0.21358993356949718
26,hg103,L1,0.27592096935025895,0.0329900238368701,0.46320346320346306,0.5620155038759689,0.03246836750900831,0.1452029537371762,0.061697804388481506,0.6255411255411255,0.4090909090909091,0.2727272727272727,0.4090909090909091,0.5454545454545454,1.0,0.15454545454545449,0.2272727272727272,0.27592096935025895
27,hg103,L2,0.2490912031937855,0.019060274265061187,0.5717703349282297,0.574719800747198,0.02700118843537039,0.12373498985885106,0.05435615683729276,0.562200956937799,0.381578947368421,0.3157894736842105,0.3263157894736842,0.5263157894736842,0.618421052631579,0.16894736842105257,0.21578947368421045,0.2490912031937855
28,hg104,L1,0.25049193099521094,0.01924058752141999,0.577639751552795,0.703416149068323,0.03471944804536543,0.16284864628435275,0.05340505912947912,0.7971014492753623,0.6428571428571428,0.43809523809523804,0.5619047619047619,0.9047619047619048,1.0,0.238095238095238,0.25714285714285706,0.25049193099521094
29,hg104,L2,0.2171384876225713,0.031198310925874037,0.5372807017543859,0.6913377192982457,0.031201452380654936,0.14963690890028564,0.04527650451585984,0.8026315789473685,0.631578947368421,0.4894736842105263,0.6105263157894737,0.8947368421052632,1.0,0.3521052631578947,0.4736842105263157,0.2171384876225713
30,hg105,L1,0.2326005631043124,0.02569569986940022,0.5720823798627002,0.6504576659038902,0.03031349644083746,0.14218290144145543,0.049590606678557775,0.7185354691075515,0.4736842105263157,0.431578947368421,0.4736842105263157,0.7368421052631579,1.0,0.37999999999999995,0.4210526315789473,0.2326005631043124
31,hg105,L2,0.19769679319242253,0.02361193098405999,0.4696969696969697,0.6780303030303029,0.03041305982275527,0.13937014875299628,0.04314097711687174,0.8257575757575758,0.6805555555555556,0.5611111111111111,0.6222222222222222,0.8888888888888888,1.0,0.33611111111111114,0.5555555555555556,0.19769679319242253
32,hg106,L1,0.12109500402576483,0.019131126469708992,0.504,0.6103896103896104,0.015638434517912074,0.07661236988962405,0.02471841418861655,0.6560000000000001,0.55,0.5,0.55,0.65,0.75,0.5,0.5,0.12109500402576483
33,hg106,L2,0.10882600878942458,0.01721751107875455,0.7000000000000001,0.7313266443701226,0.012210006964259145,0.05727000909271492,0.02320178303202728,0.7521739130434782,0.675,0.61,0.65,0.75,0.8,0.522,0.6,0.10882600878942458
34,hg107,L1,0.17921072165068902,0.03069053708439898,0.5601023017902813,0.6406649616368287,0.018648127224217177,0.08746746982366059,0.03820785423453281,0.741687979539642,0.5882352941176471,0.5294117647058824,0.5882352941176471,0.8235294117647058,0.8529411764705882,0.4117647058823529,0.4235294117647059,0.17921072165068902
35,hg107,L2,0.21040962839239757,0.023081108807361948,0.5543478260869565,0.6747600225861095,0.02569635291469849,0.1205265786810865,0.04485948350137696,0.7413043478260871,0.55,0.46,0.55,0.75,0.975,0.372,0.45,0.21040962839239757
36,hg108,L1,0.12988337549696916,0.01647315495319187,0.5340909090909091,0.5980392156862745,0.017355746542588785,0.08323523637957303,0.027082555937505543,0.6571969696969697,0.5340909090909091,0.5,0.5,0.6590909090909091,0.7727272727272727,0.43000000000000005,0.5,0.12988337549696916
37,hg108,L2,0.18149704259460603,0.02685344049532548,0.5129411764705882,0.5921212121212122,0.024209573701962035,0.11860220492021877,0.03704792868174742,0.6352941176470588,0.4705882352941176,0.4,0.4705882352941176,0.6470588235294118,0.7647058823529411,0.308235294117647,0.3529411764705882,0.18149704259460603
38,hg109,L1,0.16648891721909514,0.02699475001111349,0.6884210526315789,0.7583561643835616,0.022241896172102347,0.10896259306722626,0.033984407917937595,0.7663157894736843,0.631578947368421,0.6,0.631578947368421,0.7894736842105263,0.8947368421052632,0.3810526315789473,0.4526315789473684,0.16648891721909514
39,hg109,L2,0.09464847243000456,0.019329803525846456,0.7125,0.8386752136752137,0.01754531314580275,0.08414436587103388,0.019735570770139602,0.875,0.8,0.8,0.8,0.85,1.0,0.7,0.715,0.09464847243000456
40,hg11,L1,0.11254016730127223,0.027259195777340733,0.6204545454545455,0.8339160839160837,0.022149268351171026,0.10150069880713096,0.02455827787528924,0.927272727272727,0.9,0.755,0.86,1.0,1.0,0.65,0.655,0.11254016730127223
41,hg11,L2,0.0461872759838672,0.022290168981308096,0.7454545454545454,0.9102715466351832,0.01205120852259557,0.055225575270491135,0.010078889920947019,0.984090909090909,1.0,0.955,1.0,1.0,1.0,0.8210000000000001,0.9025,0.0461872759838672
42,hg110,L1,0.07245178964357059,0.03130456559773555,0.7727272727272726,0.7606196901549225,0.017277719398134828,0.08103968735881856,0.015446773453255248,0.6482213438735178,0.5909090909090909,0.5454545454545454,0.5909090909090909,0.6363636363636364,0.6818181818181818,0.51,0.5454545454545454,0.07245178964357059
43,hg110,L2,0.11654432929289679,0.0413908721422388,0.7391304347826085,0.7512077294685989,0.02384796599469272,0.11185687554123995,0.024847334492429752,0.6473429951690821,0.6111111111111112,0.45555555555555555,0.5777777777777778,0.6666666666666666,0.7222222222222222,0.4011111111111111,0.4444444444444444,0.11654432929289679
44,hg111,L1,0.22440848522719897,0.021981260277851376,0.39826086956521733,0.5833707865168539,0.03264181925481133,0.15991160290088557,0.04580719022979452,0.6956521739130435,0.4782608695652174,0.4347826086956521,0.4782608695652174,0.6521739130434783,0.9130434782608696,0.391304347826087,0.4,0.22440848522719897
45,hg111,L2,0.18839209834859724,0.022940638042227523,0.6389413988657845,0.6008793356130924,0.027737898254339005,0.13010227511653044,0.040165330323657544,0.6559546313799621,0.4782608695652174,0.4782608695652174,0.4782608695652174,0.6086956521739131,0.7608695652173914,0.37652173913043474,0.4782608695652174,0.18839209834859724
46,hg112,L1,0.20347999079258197,0.02629124234166794,0.5763888888888888,0.7536231884057972,0.03136863570788919,0.15043869197120796,0.0424285110524542,0.8773148148148149,0.875,0.5333333333333333,0.788888888888889,1.0,1.0,0.3461111111111111,0.40555555555555556,0.20347999079258197
47,hg112,L2,0.14913947840596864,0.025352931639572193,0.6087962962962963,0.7737268518518517,0.0262444022941806,0.12586373183293195,0.031097730952598306,0.8495370370370371,0.7222222222222222,0.6277777777777778,0.7,0.9444444444444444,0.9444444444444444,0.5127777777777778,0.5638888888888889,0.14913947840596864
48,hg12,L1,0.11163556780883054,0.022337375256133683,0.6325,0.7954098360655739,0.023983780239838163,0.1174960473812989,0.022787514856458864,0.915,0.875,0.775,0.8125,0.9375,1.0,0.625,0.65,0.11163556780883054
49,hg12,L2,0.13800071343949483,0.025175160662270508,0.6521739130434784,0.8199488491048595,0.024334458317862878,0.11413872680087038,0.029421850962885614,0.909090909090909,0.8636363636363636,0.7363636363636363,0.8090909090909091,1.0,1.0,0.5045454545454545,0.6863636363636363,0.13800071343949483
50,hg13,L1,0.12956351184306494,0.03127741544185763,0.7210526315789473,0.8773972602739726,0.021209606524272905,0.09245053147156655,0.029723908152323966,0.9578947368421054,1.0,0.8894736842105263,1.0,1.0,1.0,0.5010526315789473,0.8210526315789474,0.12956351184306494
51,hg13,L2,0.07214591656949404,0.040343332616214846,0.7459954233409611,0.8838594401429423,0.021250982435119987,0.09967594292541766,0.015381561094748232,0.9656750572082381,0.9473684210526316,0.9052631578947369,0.9473684210526316,1.0,1.0,0.7189473684210527,0.8473684210526315,0.07214591656949404
52,hg14,L1,0.2699621480918774,0.02748814488275398,0.577639751552795,0.6972624798711756,0.03526964042863553,0.16542927730977766,0.057556123362087666,0.7784679089026914,0.5714285714285714,0.3142857142857143,0.5714285714285714,0.9047619047619048,1.0,0.16380952380952374,0.24285714285714277,0.2699621480918774
53,hg14,L2,0.16752529311097955,0.020457793575853127,0.7248677248677249,0.8081632653061223,0.027133393061315663,0.12134422269064588,0.037459794334672745,0.8862433862433863,0.7777777777777778,0.6666666666666666,0.7222222222222222,1.0,1.0,0.43333333333333335,0.6111111111111112,0.16752529311097955
54,hg15,L1,0.23204089123818583,0.02503932365780786,0.6113636363636364,0.7744755244755246,0.034888407171483095,0.15987876673976145,0.05063547373447628,0.8454545454545453,0.6875,0.455,0.56,0.975,1.0,0.3605,0.4025,0.23204089123818583
55,hg15,L2,0.22935535336316762,0.0236354273426447,0.5184210526315789,0.7129186602870813,0.035223569910549805,0.1494409508480892,0.054059575221510885,0.8052631578947368,0.6,0.45,0.56,0.95,1.0,0.40900000000000003,0.445,0.22935535336316762
56,hg16,L1,0.15077044284417995,0.02304777938055503,0.5158730158730159,0.7453416149068323,0.026090242653454845,0.11667911224517905,0.033713295919733315,0.9074074074074073,0.9444444444444444,0.7222222222222222,0.8333333333333334,0.9444444444444444,1.0,0.4666666666666667,0.5555555555555556,0.15077044284417995
57,hg16,L2,0.24431246655641398,0.03059187671202656,0.5909090909090909,0.7224517906336089,0.03689037533734437,0.16905293739871266,0.05331335101029211,0.7941176470588236,0.5735294117647058,0.36470588235294116,0.5294117647058824,0.9411764705882352,1.0,0.30647058823529405,0.3529411764705882,0.24431246655641398
58,hg17,L1,0.18746900570273892,0.03508647326336185,0.5750000000000001,0.6975524475524475,0.03201695454337016,0.1467201177169541,0.04090909090909091,0.859090909090909,0.8,0.61,0.72,0.95,1.0,0.34199999999999997,0.505,0.18746900570273892
59,hg17,L2,0.14955675689651837,0.029661042783094616,0.47845804988662133,0.6831275720164609,0.027052499388227017,0.12098245518669416,0.033441907491502554,0.8299319727891156,0.6666666666666666,0.6190476190476191,0.6666666666666666,0.8095238095238095,1.0,0.6190476190476191,0.6190476190476191,0.14955675689651837
60,hg18,L1,0.02192619949739636,0.02268976771355456,0.8301435406698565,0.9514321295143214,0.0070812462055757485,0.03245034675166969,0.00478468899521531,0.9952153110047847,1.0,1.0,1.0,1.0,1.0,0.9168421052631579,1.0,0.02192619949739636
61,hg18,L2,0.09428090415820634,0.02841491522787649,0.78,0.9108571428571429,0.01648086914028043,0.08073943982253744,0.019245008972987525,0.9555555555555554,1.0,0.7777777777777778,0.9777777777777779,1.0,1.0,0.6933333333333334,0.7777777777777778,0.09428090415820634
62,hg19,L1,0.08336015730579524,0.02362161234417243,0.7389770723104057,0.8980338363054412,0.01458071570287327,0.07434735389109953,0.01634827187532362,0.9770723104056437,1.0,1.0,1.0,1.0,1.0,0.6561904761904762,0.8333333333333333,0.08336015730579524
63,hg19,L2,0.18332398030762345,0.029565785335340766,0.6878306878306878,0.863756613756614,0.03410993278133662,0.15254425681403433,0.040992488187367886,0.9259259259259258,1.0,0.5555555555555556,1.0,1.0,1.0,0.4111111111111111,0.5,0.18332398030762345
64,hg20,L1,0.1300877338957063,0.026322418971074603,0.7936507936507937,0.9149659863945577,0.025487972171957408,0.11398567677023944,0.029088501602970284,0.9682539682539684,1.0,1.0,1.0,1.0,1.0,0.5,0.9444444444444444,0.1300877338957063
65,hg20,L2,0.03675601465494052,0.026775322247992804,0.7345537757437072,0.9148302561048243,0.01145645268711813,0.05373552623533035,0.007836408654810634,0.9816933638443937,1.0,0.9052631578947369,0.968421052631579,1.0,1.0,0.8947368421052632,0.8947368421052632,0.03675601465494052
66,hg21,L1,0.2041912630164362,0.032507203253848635,0.6096256684491976,0.7699724517906336,0.03859208189014298,0.17685113648751466,0.04455818662006933,0.8449197860962566,0.7647058823529411,0.48823529411764705,0.6705882352941177,1.0,1.0,0.4117647058823529,0.41470588235294115,0.2041912630164362
67,hg21,L2,0.15090870584562047,0.023979000222920502,0.6854166666666667,0.8433544303797468,0.025881294078658253,0.12412232600655607,0.03146664037551101,0.90625,0.825,0.65,0.75,1.0,1.0,0.5615,0.6075,0.15090870584562047
68,hg22,L1,0.08685022791228952,0.03513567766395656,0.70995670995671,0.8918767507002802,0.02500445236502567,0.11182331045670556,0.0194203013473229,0.9696969696969697,1.0,0.9545454545454546,1.0,1.0,1.0,0.6909090909090909,0.7272727272727273,0.08685022791228952
69,hg22,L2,0.1696999759233479,0.029185127806898817,0.6944444444444445,0.8327020202020203,0.030752205005177044,0.14092430722302365,0.03703157071909168,0.8787878787878789,0.7361111111111112,0.5666666666666667,0.6777777777777777,1.0,1.0,0.5555555555555556,0.5555555555555556,0.1696999759233479
70,hg23,L1,0.03330438557856054,0.02622025674512064,0.6689814814814815,0.9010416666666666,0.01215277777777778,0.05828267476248097,0.006944444444444442,0.9930555555555557,1.0,1.0,1.0,1.0,1.0,0.8716666666666667,1.0,0.03330438557856054
71,hg23,L2,0.10062641042880927,0.02778211403268926,0.8119834710743803,0.9149048625792813,0.022310212277436087,0.10223823653188399,0.021958482985795818,0.9586776859504134,0.9659090909090909,0.9090909090909092,0.9545454545454546,1.0,1.0,0.6027272727272727,0.8227272727272728,0.10062641042880927
72,hg24,L1,0.15572306756291726,0.025150790582232147,0.763157894736842,0.8978829389788294,0.024463834133448863,0.11210737170537383,0.0339815592646567,0.9545454545454546,1.0,0.9052631578947369,1.0,1.0,1.0,0.38473684210526315,0.8447368421052631,0.15572306756291726
73,hg24,L2,0.15827487949304397,0.03258543664819944,0.6507177033492824,0.8624401913875599,0.026453944605772734,0.12122720358612228,0.03453841028032799,0.944976076555024,1.0,0.9473684210526316,1.0,1.0,1.0,0.43210526315789466,0.4973684210526315,0.15827487949304397
74,hg25,L1,0.18632968094214084,0.031679937200894695,0.5675000000000001,0.7594936708860761,0.030360309126963594,0.13233751937908989,0.04274696049520887,0.8375,0.725,0.5,0.63,0.95,1.0,0.5,0.5,0.18632968094214084
75,hg25,L2,0.16474248919495035,0.023823184676910615,0.6085858585858586,0.8155467720685113,0.01959271775595423,0.08978511218656557,0.03594975842434784,0.9141414141414143,0.9444444444444444,0.6277777777777779,0.8555555555555556,1.0,1.0,0.4355555555555556,0.6111111111111112,0.16474248919495035
76,hg26,L1,0.12375754641106171,0.025779440593486923,0.7254901960784313,0.7766106442577031,0.020056638567753814,0.0896960144752831,0.027673028650371908,0.8263305322128852,0.7058823529411765,0.6470588235294118,0.7058823529411765,0.8235294117647058,0.9411764705882352,0.6470588235294118,0.6470588235294118,0.12375754641106171
77,hg26,L2,0.13299276232160895,0.032349424427197696,0.6619047619047619,0.8168498168498168,0.023741331857672045,0.1061744638202721,0.029738085706659038,0.8571428571428571,0.8,0.75,0.8,0.8,1.0,0.53,0.65,0.13299276232160895
78,hg27,L1,0.12985198121464359,0.03679838202065834,0.6666666666666666,0.7931677018633541,0.031032741223477867,0.14555645850512278,0.027684535415157283,0.8574879227053139,0.7777777777777778,0.6777777777777777,0.7444444444444445,0.8333333333333334,1.0,0.6111111111111112,0.6166666666666667,0.12985198121464359
79,hg27,L2,0.17487389633448788,0.03258176837768124,0.5903890160183065,0.751716247139588,0.031065801972507474,0.14571152716340285,0.037283239970409575,0.8832951945080091,0.8157894736842105,0.7368421052631579,0.7894736842105263,0.9473684210526316,1.0,0.37999999999999995,0.4526315789473684,0.17487389633448788
80,hg28,L1,0.20598678490513794,0.028613169175965066,0.6333333333333334,0.7253623188405797,0.03049964031133329,0.13294484993144123,0.047256609426649776,0.8027777777777778,0.7916666666666667,0.4444444444444444,0.6333333333333333,0.8333333333333334,1.0,0.35444444444444445,0.4388888888888889,0.20598678490513794
81,hg28,L2,0.19971624483227568,0.028892307343171896,0.6478260869565217,0.7413318657127133,0.026820604847290267,0.12579978766372693,0.042579646466093655,0.8021739130434782,0.6,0.51,0.5700000000000001,0.95,1.0,0.461,0.5,0.19971624483227568
82,hg29,L1,0.20547860471149854,0.031927935493038226,0.7297979797979799,0.7964426877470355,0.027824761440670757,0.12750907549596224,0.04483910760877865,0.8358585858585859,0.6527777777777778,0.5055555555555555,0.5666666666666667,0.9444444444444444,1.0,0.4444444444444444,0.4472222222222222,0.20547860471149854
83,hg29,L2,0.16450073402080537,0.035248851414413515,0.6195652173913043,0.7959866220735784,0.035058693080825855,0.1644398465451182,0.035071674334259444,0.9021739130434783,0.875,0.65,0.79,1.0,1.0,0.5,0.515,0.16450073402080537
84,hg30,L1,0.20138789936744328,0.032846777636977166,0.6944444444444444,0.7740076824583866,0.029863049869566144,0.136849686509528,0.043946442519021814,0.8131313131313131,0.7777777777777778,0.4666666666666667,0.6888888888888889,0.8888888888888888,0.9444444444444444,0.3333333333333333,0.33888888888888885,0.20138789936744328
85,hg30,L2,0.16474494684592872,0.04559944177170484,0.7248677248677249,0.7857142857142857,0.03144700437485548,0.14063527894182026,0.03683809000970862,0.8703703703703705,0.8888888888888888,0.6111111111111112,0.8333333333333334,0.9444444444444444,0.9444444444444444,0.4111111111111111,0.5,0.16474494684592872
86,hg31,L1,0.15540270267920053,0.0212983196767405,0.5974999999999999,0.7397435897435898,0.02378760243094672,0.10368775510561923,0.035651825080617504,0.8400000000000002,0.8,0.6849999999999999,0.79,0.9,0.9125,0.388,0.54,0.15540270267920053
87,hg31,L2,0.1529275909460499,0.0213171707481899,0.7371428571428572,0.8229268292682927,0.02412580221958328,0.11819181014656976,0.031216213784240904,0.9085714285714286,0.9047619047619048,0.8285714285714286,0.9047619047619048,0.9523809523809524,1.0,0.379047619047619,0.580952380952381,0.1529275909460499
88,hg32,L1,0.12406109971536218,0.021601916523074177,0.7761904761904763,0.9030864197530866,0.016473016445654194,0.07180421398189021,0.028461568235988752,0.9642857142857142,1.0,0.9523809523809524,0.9904761904761905,1.0,1.0,0.5280952380952381,0.9261904761904762,0.12406109971536218
89,hg32,L2,0.1830656552801586,0.03354081803866628,0.6256038647342994,0.7559006211180123,0.03256793451444156,0.15275715331143408,0.03902972884583906,0.859903381642512,0.7222222222222222,0.6666666666666666,0.7222222222222222,0.9444444444444444,1.0,0.37,0.5166666666666667,0.1830656552801586
90,hg33,L1,0.10832263866209697,0.02007795339789447,0.7936507936507937,0.8759553203997648,0.015510703758720362,0.06936597596672044,0.024221678355059572,0.8730158730158731,0.8571428571428571,0.7619047619047619,0.8095238095238095,0.9047619047619048,0.9523809523809524,0.5333333333333332,0.7619047619047619,0.10832263866209697
91,hg33,L2,0.12059546370414267,0.029482818446042395,0.6825396825396826,0.8536922015182883,0.016399873887284335,0.07334246566878298,0.02696596546205716,0.9232804232804231,0.8888888888888888,0.8888888888888888,0.8888888888888888,0.9444444444444444,1.0,0.5111111111111111,0.7777777777777778,0.12059546370414267
92,hg34,L1,0.14750150632280914,0.02282681180572807,0.5745614035087718,0.7005555555555555,0.019983554698812463,0.09583776157240881,0.030756190163436458,0.7763157894736842,0.6842105263157895,0.5578947368421052,0.6842105263157895,0.7894736842105263,0.868421052631579,0.4736842105263157,0.481578947368421,0.14750150632280914
93,hg34,L2,0.13203526926296089,0.028515066827405792,0.5652173913043478,0.7277882797731567,0.01960472487221682,0.09195431050764813,0.028150013991069173,0.7898550724637682,0.7222222222222222,0.7222222222222222,0.7222222222222222,0.8333333333333334,0.8611111111111112,0.39444444444444443,0.6222222222222222,0.13203526926296089
94,hg35,L1,0.14793691418477134,0.03845449940128033,0.6590909090909091,0.7681242807825086,0.03113330090896969,0.14267070804919108,0.03228248130142385,0.8931818181818181,0.9,0.755,0.86,0.95,1.0,0.413,0.655,0.14793691418477134
95,hg35,L2,0.12093698636866382,0.02736149134848161,0.6700767263427111,0.8337595907928387,0.021313551101356267,0.09996941598360344,0.02578385212768782,0.9028132992327366,0.8235294117647058,0.7294117647058824,0.8235294117647058,0.9411764705882352,1.0,0.6011764705882353,0.6529411764705882,0.12093698636866382
96,hg36,L1,0.1639227248499189,0.018775144171146677,0.6708333333333334,0.6677215189873418,0.018178995716892497,0.08718340072123994,0.03418025092271993,0.6604166666666668,0.55,0.5,0.53,0.65,0.7124999999999999,0.41150000000000003,0.4575,0.1639227248499189
97,hg36,L2,0.12884439853847535,0.023409335244051793,0.5634920634920635,0.6580687830687831,0.016696297252017215,0.07466811125610687,0.028810483365210544,0.6455026455026455,0.5555555555555556,0.5,0.5,0.6111111111111112,0.7222222222222222,0.45555555555555555,0.5,0.12884439853847535
98,hg37,L1,0.1783062236732722,0.021913285395639158,0.6050420168067226,0.7086834733893558,0.0337582955089995,0.1509716871252975,0.03987048369447189,0.84593837535014,0.7058823529411765,0.5882352941176471,0.7058823529411765,1.0,1.0,0.5294117647058824,0.5294117647058824,0.1783062236732722
99,hg37,L2,0.20598678490513794,0.027179223709103605,0.7250000000000001,0.7485714285714286,0.02975734300879485,0.12970925100361333,0.04725660942664977,0.8083333333333332,0.7222222222222222,0.5555555555555556,0.6888888888888889,0.8611111111111112,1.0,0.28555555555555556,0.538888888888889,0.20598678490513794
100,hg38,L1,0.15954157683572337,0.022787592598105526,0.5238095238095238,0.6357142857142858,0.02101030278528255,0.0939609305114899,0.035674581104218325,0.6380952380952382,0.55,0.45,0.45,0.6,0.75,0.4,0.4,0.15954157683572337
101,hg38,L2,0.19955506062794354,0.025684874420531793,0.6304761904761904,0.6204761904761905,0.025069065596599754,0.1228128380800595,0.04073400617738525,0.5847619047619047,0.4761904761904761,0.3333333333333333,0.419047619047619,0.5714285714285714,0.7142857142857143,0.22476190476190472,0.3333333333333333,0.19955506062794354
102,hg39,L1,0.13348689074212494,0.021236450788803273,0.6925000000000001,0.7532051282051282,0.01921670650915856,0.08376368170110243,0.030623993001704087,0.8075000000000001,0.7,0.64,0.69,0.85,0.8625,0.55,0.55,0.13348689074212494
103,hg39,L2,0.13912568303038214,0.027107212903545858,0.6105263157894736,0.8019736842105264,0.02144022959552011,0.0934557941331821,0.031917620672658284,0.881578947368421,0.7894736842105263,0.6789473684210526,0.7894736842105263,0.9210526315789473,1.0,0.5463157894736842,0.6263157894736842,0.13912568303038214
104,hg40,L1,0.17827930980064072,0.02490409561265936,0.606060606060606,0.7045454545454545,0.021811339686673162,0.09995211512257417,0.03890373485742469,0.7012987012987013,0.5833333333333333,0.5238095238095238,0.5333333333333333,0.6666666666666667,0.7976190476190477,0.4009523809523809,0.4785714285714285,0.17827930980064072
105,hg40,L2,0.16238999475637478,0.020851441405707476,0.55,0.6620803522289489,0.020728443920581343,0.09722502004171088,0.03462166321104293,0.7565217391304349,0.65,0.55,0.62,0.75,0.875,0.511,0.55,0.16238999475637478
106,hg41,L1,0.11178901048324529,0.0216120421621785,0.6631016042780747,0.8326446280991735,0.017366534393718495,0.07958345841826903,0.02439436201922302,0.8502673796791442,0.7794117647058822,0.7058823529411765,0.7647058823529411,0.8823529411764706,0.9411764705882352,0.6005882352941176,0.65,0.11178901048324529
107,hg41,L2,0.12993966312597216,0.019381067598176652,0.581453634085213,0.7142857142857144,0.019880117572133534,0.08890658858395732,0.02905539197230966,0.8421052631578947,0.7368421052631579,0.6842105263157895,0.7368421052631579,0.8947368421052632,0.9473684210526316,0.5473684210526315,0.631578947368421,0.12993966312597216
108,hg42,L1,0.09846445010197488,0.022295685667194146,0.6113636363636363,0.7727272727272727,0.011478855246848609,0.05260272306012476,0.021486704564500102,0.8295454545454547,0.8,0.7,0.76,0.85,0.9,0.5815,0.7,0.09846445010197488
109,hg42,L2,0.11698328239715725,0.023182847430706942,0.6904761904761905,0.7853231106243154,0.024091643559333787,0.11040178022654241,0.02552784507758896,0.8419913419913421,0.8214285714285714,0.680952380952381,0.8095238095238095,0.8571428571428571,0.9047619047619048,0.5338095238095238,0.5761904761904761,0.11698328239715725
110,hg43,L1,0.14293213742520253,0.027537717772227206,0.7784679089026917,0.8566252587991718,0.02090936571952189,0.09807361849875723,0.030473234089291742,0.9358178053830228,0.9523809523809524,0.8,0.9523809523809524,1.0,1.0,0.44380952380952376,0.6761904761904761,0.14293213742520253
111,hg43,L2,0.08116241757569796,0.02626632600572592,0.7323232323232325,0.8572343149807939,0.008457583858291151,0.038757518227055865,0.01771109152982144,0.8308080808080807,0.7777777777777778,0.7222222222222222,0.7333333333333333,0.8333333333333334,0.8888888888888888,0.6783333333333333,0.7222222222222222,0.08116241757569796
112,hg44,L1,0.1366974775848912,0.03232418703598557,0.7304347826086959,0.6934225195094763,0.02255287438589065,0.10578235744889965,0.02914400014510381,0.6391304347826087,0.55,0.46,0.55,0.65,0.7,0.361,0.405,0.1366974775848912
113,hg44,L2,0.12786643965047625,0.020393916635820408,0.5791666666666666,0.673611111111111,0.016818533975521525,0.08065885541571212,0.026661995741283372,0.6479166666666667,0.55,0.515,0.55,0.65,0.7,0.3845,0.5,0.12786643965047625
114,hg45,L1,0.14830350363662648,0.03377658705045589,0.6489898989898991,0.7188311688311688,0.023674067938220855,0.10848820833442421,0.03236247767819045,0.7954545454545456,0.7222222222222222,0.5722222222222223,0.7222222222222222,0.8333333333333334,0.875,0.4561111111111111,0.5027777777777778,0.14830350363662648
115,hg45,L2,0.19201514310657897,0.015606847919859144,0.6561264822134387,0.682312252964427,0.02573398907625337,0.12070310792638277,0.040937766061447695,0.6936758893280632,0.5,0.5,0.5,0.6363636363636364,0.8863636363636365,0.4545454545454545,0.45909090909090905,0.19201514310657897
116,hg46,L1,0.07931808132255441,0.021516574145596757,0.7222222222222221,0.8233333333333335,0.013691185473536682,0.0670728367679403,0.01619073555140325,0.831111111111111,0.8333333333333334,0.7777777777777778,0.8333333333333334,0.8333333333333334,0.8333333333333334,0.5666666666666667,0.7777777777777778,0.07931808132255441
117,hg46,L2,0.061982859794530915,0.03178550539122662,0.7692307692307693,0.8524150268336316,0.014915680562200951,0.07457840281100475,0.012396571958906186,0.8444055944055944,0.8181818181818182,0.7954545454545454,0.8181818181818182,0.8181818181818182,0.8977272727272728,0.6931818181818181,0.7386363636363636,0.061982859794530915
118,hg47,L1,0.08225876900662743,0.024317053030218486,0.662280701754386,0.7381756756756758,0.016981012454648427,0.08143807482776882,0.017152139020473182,0.7828947368421053,0.7236842105263157,0.6842105263157895,0.6842105263157895,0.7894736842105263,0.8026315789473684,0.6436842105263157,0.6842105263157895,0.08225876900662743
119,hg47,L2,0.10504058711358857,0.027910198402634024,0.6149068322981366,0.6839872746553552,0.017056516430558367,0.08000215347357822,0.02239472841903099,0.7246376811594203,0.6666666666666666,0.6285714285714286,0.6666666666666666,0.7619047619047619,0.7857142857142857,0.4495238095238095,0.5333333333333333,0.10504058711358857
120,hg48,L1,0.13045485413033617,0.03904207435652766,0.7231121281464532,0.7768878718535469,0.019231593130391245,0.0902041675052991,0.027813068352654336,0.780320366132723,0.736842105263158,0.631578947368421,0.6842105263157895,0.7894736842105263,0.8421052631578947,0.4147368421052631,0.5842105263157895,0.13045485413033617
121,hg48,L2,0.15603119225237488,0.0446323036978667,0.6572890025575447,0.7462686567164178,0.026156247978683947,0.12268367773706888,0.0332659619620263,0.8286445012787723,0.7647058823529411,0.6470588235294118,0.7294117647058824,0.8823529411764706,0.9705882352941175,0.41764705882352937,0.6470588235294118,0.15603119225237488
122,hg49,L1,0.14730709475544362,0.02473790196807271,0.6181818181818182,0.6687500000000001,0.023446742405656897,0.10744647187405372,0.03214504343432632,0.7022727272727273,0.6,0.55,0.56,0.7,0.8,0.42100000000000004,0.5025000000000001,0.14730709475544362
123,hg49,L2,0.19687120202335873,0.01560054606850065,0.5191387559808611,0.6492628992628992,0.019469119173843582,0.08921871232825432,0.04296081835376117,0.6267942583732057,0.4342105263157894,0.3736842105263158,0.4210526315789473,0.6052631578947368,0.7894736842105263,0.3684210526315789,0.3684210526315789,0.19687120202335873
124,hg50,L1,0.2037176164656435,0.03680537765507636,0.6843434343434343,0.8045454545454546,0.0316574892933123,0.1450728409988577,0.044454828469037776,0.893939393939394,0.8472222222222222,0.7833333333333333,0.8333333333333334,1.0,1.0,0.22499999999999992,0.4611111111111111,0.2037176164656435
125,hg50,L2,0.15394674363845828,0.024179082821475253,0.6973684210526315,0.8102477477477477,0.027349224792015975,0.13116227439571596,0.03210011504576783,0.8771929824561404,0.7763157894736842,0.6473684210526316,0.7157894736842105,0.9736842105263158,1.0,0.5384210526315789,0.5868421052631579,0.15394674363845828
126,hg51,L1,0.10965761892558924,0.03569804825688162,0.6749999999999999,0.8255681818181819,0.02091128176457356,0.09582753156470808,0.023929254250244513,0.8954545454545454,0.9,0.8,0.8200000000000001,0.95,0.95,0.5525,0.7525000000000001,0.10965761892558924
127,hg51,L2,0.11585141386499329,0.025113593109288655,0.7782608695652173,0.8519537699504677,0.02335736513299165,0.1095557535277343,0.02469960442682687,0.8804347826086957,0.825,0.76,0.8,0.9,1.0,0.555,0.75,0.11585141386499329
128,hg52,L1,0.06487491201346024,0.03226850977462245,0.7904040404040402,0.8920454545454546,0.010693348010962247,0.04900307669273996,0.014156866428822931,0.8888888888888886,0.8472222222222222,0.8333333333333334,0.8333333333333334,0.8888888888888888,0.9444444444444444,0.7016666666666667,0.8333333333333334,0.06487491201346024
129,hg52,L2,0.11143318792846599,0.04077961714313672,0.7704545454545454,0.8855005753739932,0.024444931859894135,0.11202075060600253,0.024316715172020702,0.9090909090909091,0.9125,0.855,0.9,0.95,0.95,0.513,0.755,0.11143318792846599
130,hg53,L1,0.03288929924609455,0.03998048692207191,0.7966507177033493,0.9414694894146948,0.011335728391442085,0.05194683341124336,0.0071770334928229675,0.9928229665071769,1.0,1.0,1.0,1.0,1.0,0.8752631578947369,1.0,0.03288929924609455
131,hg53,L2,0.11299602063618683,0.038510142406036445,0.6879795396419437,0.8421404682274248,0.020861923743883792,0.09785109590854713,0.024090832544968372,0.959079283887468,1.0,0.8941176470588235,0.9647058823529411,1.0,1.0,0.548235294117647,0.8294117647058823,0.11299602063618683
132,hg54,L1,0.057371043319596984,0.046022572154939476,0.81203007518797,0.8815958815958818,0.018460731387105602,0.08255890059186421,0.012828555280270406,0.9448621553884712,0.9473684210526316,0.8421052631578947,0.9473684210526316,0.9473684210526316,1.0,0.8,0.8421052631578947,0.057371043319596984
133,hg54,L2,0.1463584254488035,0.03924898609065006,0.7355072463768115,0.8597222222222222,0.035313009402048484,0.16935524367338256,0.030517841324773327,0.947463768115942,1.0,0.8956521739130435,0.9826086956521739,1.0,1.0,0.43130434782608695,0.6108695652173913,0.1463584254488035
134,hg55,L1,0.06928995160692482,0.023184023598102264,0.7539682539682541,0.8700680272108843,0.01926503708640313,0.08615586502850377,0.015493704195075467,0.8703703703703705,0.8888888888888888,0.8888888888888888,0.8888888888888888,0.8888888888888888,0.8888888888888888,0.6333333333333334,0.7222222222222222,0.06928995160692482
135,hg55,L2,0.13266214175993354,0.022275979925999126,0.7369565217391305,0.8494983277591974,0.01795482296570331,0.08421558460317445,0.02828366365648738,0.8891304347826086,0.825,0.71,0.8,0.95,1.0,0.533,0.655,0.13266214175993354
136,hg56,L1,0.16012968547967363,0.021820675752215014,0.6565656565656565,0.7291666666666667,0.024310923271783528,0.1114066461072115,0.0349431621295274,0.76010101010101,0.6666666666666666,0.5611111111111111,0.6222222222222222,0.7777777777777778,0.875,0.4122222222222222,0.5027777777777778,0.16012968547967363
137,hg56,L2,0.14758025205239264,0.0213392437026083,0.6447058823529411,0.7076470588235294,0.01843267621588942,0.09030130264572915,0.03012469280330765,0.7552941176470589,0.6470588235294118,0.5882352941176471,0.6470588235294118,0.7058823529411765,0.8823529411764706,0.4541176470588235,0.5882352941176471,0.14758025205239264
138,hg57,L1,0.13833643539397442,0.02696634234435858,0.647342995169082,0.6616257088846882,0.01710949368336125,0.08025063881503702,0.02949342712407697,0.7294685990338164,0.6111111111111112,0.5555555555555556,0.5777777777777778,0.7222222222222222,0.8333333333333334,0.5122222222222222,0.5555555555555556,0.13833643539397442
139,hg57,L2,0.16775957455180068,0.02015615268980751,0.6293859649122807,0.6520270270270271,0.019475372405125726,0.09340060490875661,0.034980289390132875,0.6885964912280702,0.5657894736842105,0.4526315789473684,0.5263157894736842,0.6842105263157895,0.8026315789473684,0.4210526315789473,0.4210526315789473,0.16775957455180068
140,hg58,L1,0.1931132661523124,0.03578095606057777,0.5294117647058824,0.6441791044776118,0.03053543128965832,0.14959245147095715,0.03941908038628726,0.628235294117647,0.4705882352941176,0.4117647058823529,0.4705882352941176,0.5882352941176471,0.8823529411764706,0.26352941176470585,0.36470588235294116,0.1931132661523124
141,hg58,L2,0.20240911753755192,0.040653883734449704,0.6135265700483093,0.6509661835748792,0.02421900720705293,0.11359721309123828,0.04315376885591302,0.71256038647343,0.6388888888888888,0.4,0.6111111111111112,0.7222222222222222,0.8333333333333334,0.2155555555555555,0.3888888888888889,0.20240911753755192
142,hg59,L1,0.19569324883506575,0.03726708074534162,0.6293995859213249,0.7969247083775185,0.03732981379127288,0.17509234691786027,0.04172194083759275,0.8923395445134574,0.9285714285714286,0.5714285714285714,0.761904761904762,1.0,1.0,0.4019047619047618,0.48571428571428565,0.19569324883506575
143,hg59,L2,0.19858185102361112,0.027530712883605937,0.6414141414141414,0.7727272727272727,0.03761156558659994,0.17235784630639042,0.043334112569530556,0.8535353535353534,0.625,0.5555555555555556,0.6111111111111112,1.0,1.0,0.46777777777777774,0.5555555555555556,0.19858185102361112
144,hg60,L1,0.2687974443995003,0.026712315807891743,0.6386363636363636,0.6564344746162928,0.03383284675733927,0.15504158124134843,0.058656411217685424,0.7045454545454546,0.5,0.4,0.46,0.675,1.0,0.2605,0.305,0.2687974443995003
145,hg60,L2,0.1979037574154119,0.030874933824502626,0.5679824561403509,0.7366666666666667,0.03501322501464163,0.16791752825805978,0.04126578601716808,0.8245614035087719,0.618421052631579,0.5789473684210527,0.5789473684210527,0.9736842105263158,1.0,0.5263157894736842,0.5342105263157895,0.1979037574154119
146,hg61,L1,0.17324628175132117,0.02901238301223068,0.5279503105590061,0.6634460547504025,0.028741397223695432,0.1348091024973664,0.036936231375327595,0.7018633540372671,0.5714285714285714,0.5238095238095238,0.5714285714285714,0.6666666666666666,0.8095238095238095,0.43904761904761896,0.4809523809523809,0.17324628175132117
147,hg61,L2,0.26975176069248225,0.0439980738751431,0.6221590909090909,0.7301136363636364,0.024070014370468684,0.1103026628313476,0.05886466010575778,0.6818181818181818,0.5,0.31875,0.4,0.625,1.0,0.21375,0.3125,0.26975176069248225
148,hg62,L1,0.0969171116189075,0.027824821832093456,0.6854219948849105,0.7918313570487483,0.01757009294787472,0.08241104086427407,0.020662797624267735,0.8388746803069055,0.7647058823529411,0.7176470588235294,0.7647058823529411,0.8235294117647058,0.8823529411764706,0.66,0.7058823529411765,0.0969171116189075
149,hg62,L2,0.11415770612861388,0.027840617709386603,0.6746411483253586,0.8008373205741628,0.023713550068451397,0.10866913818480377,0.024911253785566537,0.8684210526315789,0.8421052631578947,0.7894736842105263,0.8421052631578947,0.8947368421052632,0.9473684210526316,0.5178947368421052,0.6894736842105263,0.11415770612861388
150,hg63,L1,0.14903269373413638,0.032841461446245446,0.7204545454545455,0.8443181818181817,0.029144169656224666,0.13355536351628466,0.032521600002850044,0.9227272727272727,0.9624999999999999,0.66,0.87,1.0,1.0,0.521,0.6025,0.14903269373413638
151,hg63,L2,0.22934652033307348,0.04120899000810288,0.5854166666666667,0.7629870129870128,0.0392287215723996,0.1881343395361717,0.047822055303279806,0.8520833333333333,0.65,0.5,0.5900000000000001,1.0,1.0,0.3615,0.41500000000000004,0.22934652033307348
152,hg64,L1,0.22328966981029583,0.030564369612668077,0.5785714285714286,0.7317073170731707,0.0403982336612087,0.1760918180267519,0.05122616346524443,0.8214285714285714,0.6071428571428572,0.5190476190476191,0.5714285714285714,0.9761904761904763,1.0,0.36047619047619045,0.469047619047619,0.22328966981029583
153,hg64,L2,0.26252980749943405,0.0353770566861794,0.6303854875283447,0.6995884773662552,0.040842455228969565,0.18265301251993535,0.05870344956886687,0.7278911564625851,0.4761904761904761,0.3809523809523809,0.4761904761904761,0.7619047619047619,1.0,0.25714285714285706,0.3333333333333333,0.26252980749943405
154,hg65,L1,0.15418522749973484,0.036867204303149256,0.696969696969697,0.8181818181818182,0.03185867414437484,0.1459947858075302,0.03364597505054866,0.9141414141414141,0.875,0.6722222222222222,0.7888888888888889,1.0,1.0,0.49111111111111105,0.6666666666666666,0.15418522749973484
155,hg65,L2,0.07785152893948234,0.030703790777680748,0.7936507936507937,0.8612244897959184,0.017332927514765808,0.07751520834418568,0.017408131086097463,0.9153439153439153,0.8888888888888888,0.8333333333333334,0.8888888888888888,0.8888888888888888,1.0,0.7333333333333333,0.7777777777777778,0.07785152893948234
156,hg66,L1,0.1770981389791555,0.025601865472895374,0.547846889952153,0.6004784688995216,0.030381250152345666,0.13922437853051267,0.03864598225275188,0.5980861244019139,0.4736842105263157,0.4210526315789473,0.431578947368421,0.5789473684210527,0.6710526315789473,0.28526315789473683,0.37105263157894736,0.1770981389791555
157,hg66,L2,0.267687181652712,0.025146716760010925,0.48641304347826086,0.6623641304347826,0.029003675393461197,0.13603929615829338,0.05707109888757262,0.7010869565217391,0.4375,0.325,0.4,0.625,1.0,0.3125,0.3125,0.267687181652712
158,hg67,L1,0.1084858313456618,0.02379345944286877,0.5392561983471075,0.6064171122994652,0.015475937764689217,0.07091965625711402,0.023673549236748005,0.6177685950413223,0.5454545454545454,0.5,0.5454545454545454,0.5909090909090909,0.6704545454545454,0.46409090909090905,0.5,0.1084858313456618
159,hg67,L2,0.13623099609677916,0.020947639977376982,0.618181818181818,0.6570771001150747,0.019548205156922245,0.08958112983212228,0.029728040552986862,0.6295454545454544,0.5625,0.5,0.51,0.65,0.7,0.3605,0.405,0.13623099609677916
160,hg68,L1,0.12537540540244554,0.02503910298958094,0.4595141700404858,0.5943589743589743,0.015727127449222132,0.07863563724611067,0.025075081080489107,0.7530364372469636,0.6842105263157895,0.631578947368421,0.631578947368421,0.7368421052631579,0.8421052631578947,0.48684210526315785,0.5526315789473684,0.12537540540244554
161,hg68,L2,0.1451344204522139,0.027037011669191553,0.616,0.5948717948717949,0.023395240501147,0.11461280327501032,0.029625439518539916,0.556,0.45,0.35,0.4,0.55,0.7,0.312,0.35,0.1451344204522139
162,hg69,L1,0.11529711200321187,0.025478044732994677,0.7923809523809523,0.9175308641975309,0.020469518033433488,0.10027974892522123,0.02353492443536589,0.9638095238095238,1.0,0.9428571428571428,1.0,1.0,1.0,0.5333333333333332,0.7523809523809524,0.11529711200321187
163,hg69,L2,0.14452070518066146,0.019593299530370378,0.7763157894736842,0.8914473684210525,0.02612740062599099,0.12530261154434807,0.030134650159860873,0.9320175438596493,1.0,0.6263157894736843,0.9578947368421054,1.0,1.0,0.5789473684210527,0.5789473684210527,0.14452070518066146
164,hg70,L1,0.2027981605593092,0.02957173451560661,0.551487414187643,0.608695652173913,0.031981644885669895,0.15000721119682245,0.04323671310684482,0.6109839816933639,0.49999999999999994,0.4210526315789473,0.44210526315789467,0.5789473684210527,0.6842105263157894,0.24526315789473677,0.3736842105263158,0.2027981605593092
165,hg70,L2,0.20527678215052095,0.029675234918838545,0.5050505050505051,0.6402597402597402,0.025751988501345798,0.11801043660304952,0.0447950663153201,0.7070707070707072,0.5555555555555556,0.5,0.5555555555555556,0.6666666666666666,0.8888888888888888,0.31277777777777777,0.4472222222222222,0.20527678215052095
166,hg71,L1,0.23305913054703126,0.03272213159762683,0.5708884688090737,0.7440156326331216,0.03486458491509161,0.1635293985454479,0.0496883735858428,0.7693761814744802,0.5652173913043478,0.4347826086956521,0.5391304347826087,0.6956521739130435,1.0,0.4347826086956521,0.4347826086956521,0.23305913054703126
167,hg71,L2,0.1570706904997204,0.029947043206724044,0.6166666666666666,0.8046398046398047,0.01817200984876339,0.08126769861926121,0.03512207412302052,0.8738095238095237,0.75,0.65,0.7,0.95,1.0,0.53,0.65,0.1570706904997204
168,hg72,L1,0.18361098823851021,0.023077275342057,0.6495098039215687,0.6306818181818182,0.023248533016221536,0.11149604750997177,0.03828553762699341,0.6421568627450981,0.5147058823529411,0.4117647058823529,0.4705882352941176,0.6470588235294118,0.7647058823529411,0.3076470588235294,0.36176470588235293,0.18361098823851021
169,hg72,L2,0.14250249406810314,0.020103703275226443,0.6270022883295195,0.6882151029748284,0.022871590516026327,0.10727726860859796,0.030381633817780713,0.782608695652174,0.7368421052631579,0.631578947368421,0.6736842105263158,0.7894736842105263,0.8947368421052632,0.4852631578947368,0.5368421052631579,0.14250249406810314
170,hg73,L1,0.12416118556135006,0.011445523142259597,0.534,0.6302564102564103,0.01637951179827852,0.08024289228335857,0.025344295873693818,0.7279999999999999,0.65,0.55,0.65,0.8,0.8,0.462,0.51,0.12416118556135006
171,hg73,L2,0.18397183757369004,0.024590370452110585,0.6269841269841271,0.6435185185185184,0.02248385446364191,0.10055085395383076,0.04113735347603209,0.6825396825396824,0.5555555555555556,0.5,0.5555555555555556,0.6666666666666666,0.8333333333333334,0.2777777777777778,0.5,0.18397183757369004
172,hg74,L1,0.19985817277497747,0.01746525778283455,0.4760869565217391,0.6363636363636364,0.024670866487807433,0.11571662098291169,0.04260990560514856,0.7304347826086957,0.6,0.46,0.54,0.8,0.9,0.28300000000000003,0.405,0.19985817277497747
173,hg74,L2,0.1876889630321953,0.02361057844385028,0.4933837429111533,0.5964083175803403,0.02587147092082787,0.12134795493686461,0.040015421370505726,0.6899810964083175,0.5869565217391304,0.44347826086956516,0.5652173913043478,0.6521739130434783,0.8260869565217391,0.3478260869565217,0.3565217391304347,0.1876889630321953
174,hg75,L1,0.15775799752835398,0.025578900628950955,0.5238095238095238,0.5471898197242843,0.014833318532854935,0.06957443101698373,0.03363411808387169,0.5838509316770186,0.4761904761904761,0.3904761904761904,0.4476190476190476,0.5714285714285714,0.6904761904761905,0.29619047619047617,0.33809523809523806,0.15775799752835398
175,hg75,L2,0.19542925214151688,0.02151657414559676,0.5666666666666665,0.6022222222222222,0.027462095088806805,0.13453624047073712,0.039891829046702756,0.6755555555555555,0.5,0.41111111111111115,0.5,0.7222222222222222,0.8333333333333334,0.24888888888888888,0.34444444444444444,0.19542925214151688
176,hg76,L1,0.15587044534412958,0.019365604442269476,0.5263157894736842,0.5733805668016194,0.015067379685944179,0.07533689842972088,0.03117408906882592,0.6214574898785425,0.4736842105263157,0.4210526315789473,0.4736842105263157,0.631578947368421,0.7368421052631579,0.3684210526315789,0.381578947368421,0.15587044534412958
177,hg76,L2,0.1643768745100659,0.026965407237248138,0.5167464114832536,0.5753424657534245,0.02329482118995311,0.1067502814034214,0.03586997475917306,0.6244019138755981,0.48684210526315785,0.4736842105263157,0.4736842105263157,0.5789473684210527,0.7763157894736842,0.33789473684210525,0.4236842105263157,0.1643768745100659
178,hg77,L1,0.11785113019775792,0.023773782697841177,0.7476190476190476,0.8701298701298702,0.016813996752471413,0.07519447942397357,0.026352313834736494,0.9333333333333332,0.9,0.85,0.9,1.0,1.0,0.5700000000000001,0.65,0.11785113019775792
179,hg77,L2,0.10787883516815064,0.037572919307123566,0.6893939393939392,0.8649167733674775,0.018595352511433596,0.08521461045803164,0.02354109181151021,0.9469696969696969,0.9583333333333333,0.8388888888888889,0.8999999999999999,1.0,1.0,0.6227777777777778,0.6749999999999999,0.10787883516815064
180,hg78,L1,0.1967320242588853,0.033216829862699304,0.6851851851851852,0.8607142857142858,0.021049968016718705,0.10095210017930409,0.04102146276460369,0.886574074074074,0.9305555555555556,0.5722222222222223,0.8,1.0,1.0,0.35888888888888887,0.4611111111111111,0.1967320242588853
181,hg78,L2,0.12387694817561122,0.03326023517757523,0.6837944664031621,0.8469696969696968,0.030168250854471314,0.138248293125031,0.027032166279755247,0.9505928853754941,1.0,0.8,0.9652173913043478,1.0,1.0,0.5330434782608695,0.7413043478260869,0.12387694817561122
182,hg79,L1,0.09473200896279108,0.020829824102327445,0.6698564593301436,0.8582535885167464,0.020540372539434495,0.09412781196455089,0.02067221913367739,0.937799043062201,0.8947368421052632,0.8421052631578947,0.8526315789473684,1.0,1.0,0.6647368421052632,0.7921052631578948,0.09473200896279108
183,hg79,L2,0.09646008638596187,0.021935283221053224,0.7380952380952381,0.8809523809523809,0.01794384043742441,0.08024729399098107,0.021569131027451276,0.9610389610389609,1.0,0.8636363636363636,1.0,1.0,1.0,0.6545454545454545,0.7272727272727273,0.09646008638596187
184,hg80,L1,0.14522666459188804,0.029678755271111648,0.6600790513833993,0.8398989898989897,0.027428385536236253,0.12569265291023457,0.0316910563532519,0.9328063241106719,1.0,0.6739130434782609,0.9304347826086957,1.0,1.0,0.5308695652173913,0.5695652173913043,0.14522666459188804
185,hg80,L2,0.11539713717515127,0.0367063120698667,0.6165413533834586,0.8030888030888034,0.03123000843821338,0.1396648436114743,0.02580358431325063,0.9147869674185463,0.8947368421052632,0.7894736842105263,0.8421052631578947,1.0,1.0,0.631578947368421,0.631578947368421,0.11539713717515127
186,hg81,L1,0.10129200909564362,0.029565785335340766,0.6693121693121695,0.8380952380952381,0.026859120880505363,0.12011764020938799,0.02264958179153861,0.9497354497354499,0.9444444444444444,0.7777777777777778,0.9444444444444444,1.0,1.0,0.6444444444444445,0.7777777777777778,0.10129200909564362
187,hg81,L2,0.09490797952995751,0.034659267442537674,0.5938375350140055,0.7956043956043958,0.019922160645988493,0.08909461092620279,0.021222069383614352,0.9215686274509804,0.8823529411764706,0.7647058823529411,0.8823529411764706,0.9411764705882352,1.0,0.7058823529411765,0.7058823529411765,0.09490797952995751
188,hg82,L1,0.1748270094007169,0.017011461124542764,0.6994949494949496,0.8155844155844156,0.026500538676505606,0.12144072444219178,0.03815038114769245,0.8762626262626263,0.7916666666666667,0.5555555555555556,0.7333333333333333,0.9722222222222222,1.0,0.5116666666666667,0.5555555555555556,0.1748270094007169
189,hg82,L2,0.1267598238009848,0.0294044980560603,0.6875,0.8303635067712049,0.027896257230129284,0.1308450445522867,0.027025285239480917,0.9293478260869565,0.9375,0.75,0.8625,1.0,1.0,0.555,0.75,0.1267598238009848
190,hg83,L1,0.09685051269352725,0.02671146505814986,0.6875,0.8638565891472868,0.019753052499166566,0.09473231185715411,0.020194727905418118,0.9526515151515151,0.9886363636363636,0.7863636363636364,0.9363636363636364,1.0,1.0,0.6677272727272727,0.7727272727272727,0.09685051269352725
191,hg83,L2,0.07926334815411495,0.030405927136660144,0.6796536796536796,0.8653198653198652,0.022567947821706954,0.10341932917278587,0.01729668060723191,0.9545454545454546,0.9523809523809524,0.8142857142857143,0.9142857142857143,1.0,1.0,0.7619047619047619,0.7642857142857142,0.07926334815411495
192,hg84,L1,0.17818403295771265,0.023133695843738304,0.5561497326203206,0.7513774104683196,0.027476375582152945,0.12591257092825223,0.038882943745772586,0.8368983957219253,0.7058823529411765,0.5882352941176471,0.6588235294117648,0.8823529411764706,1.0,0.4829411764705882,0.5323529411764706,0.17818403295771265
193,hg84,L2,0.17691273542116917,0.018911180953080968,0.7037037037037036,0.8336686787391011,0.02792684379445447,0.12489264224283673,0.039558890248716914,0.8862433862433864,0.8888888888888888,0.6666666666666666,0.7222222222222222,1.0,1.0,0.3888888888888889,0.6111111111111112,0.17691273542116917
194,hg85,L1,0.09351382096109538,0.0246582305792825,0.7363636363636363,0.8937499999999999,0.015002479953724479,0.06875,0.020406388718036555,0.9522727272727273,0.9624999999999999,0.76,0.95,1.0,1.0,0.7104999999999999,0.75,0.09351382096109538
195,hg85,L2,0.12950372277413977,0.027792747098859028,0.6445012787723783,0.8319273199221288,0.01957573410642227,0.09181833176287603,0.027610286466164983,0.9181585677749361,0.9117647058823528,0.6823529411764706,0.8823529411764706,1.0,1.0,0.5882352941176471,0.5941176470588235,0.12950372277413977
196,hg86,L1,0.1297438058064564,0.020766547705521946,0.725108225108225,0.8917748917748919,0.014419703593092284,0.0660793832141721,0.02831241957427321,0.932900432900433,0.8690476190476191,0.8142857142857143,0.8571428571428571,1.0,1.0,0.5085714285714285,0.8095238095238095,0.1297438058064564
197,hg86,L2,0.1722200201768553,0.028802949477579696,0.6108695652173913,0.823913043478261,0.026914273439874927,0.12623913230658648,0.03671743167248324,0.9152173913043476,0.95,0.63,0.92,1.0,1.0,0.42200000000000004,0.51,0.1722200201768553
198,hg87,L1,0.22207697273283833,0.023118919848016263,0.584090909090909,0.6564344746162928,0.02327155527609363,0.10664366359204801,0.04846116845975598,0.7000000000000001,0.5625,0.405,0.51,0.65,0.9,0.3105,0.3525,0.22207697273283833
199,hg87,L2,0.16242232924397837,0.031556800536722183,0.6343490304709141,0.8282548476454293,0.0288568789806132,0.12242936886642686,0.038283310141510395,0.8975069252077563,0.8421052631578947,0.5789473684210527,0.7999999999999999,1.0,1.0,0.5357894736842105,0.5736842105263158,0.16242232924397837
200,hg88,L1,0.16964253483472377,0.03159133383815488,0.6058201058201058,0.7047619047619046,0.026786659091424733,0.11979358123707691,0.037933223976581845,0.7645502645502646,0.6111111111111112,0.5555555555555556,0.6111111111111112,0.7222222222222222,0.9444444444444444,0.5111111111111111,0.5555555555555556,0.16964253483472377
201,hg88,L2,0.23149044540779443,0.03172306659837448,0.5389610389610389,0.6298701298701298,0.024062143711507784,0.10760917804660099,0.05176283720735324,0.6666666666666666,0.5454545454545454,0.3636363636363636,0.5,0.5909090909090909,0.9090909090909092,0.2454545454545454,0.3181818181818182,0.23149044540779443
202,hg89,L1,0.1646788194438107,0.031075420322663767,0.6342105263157896,0.6355263157894737,0.022867034729411186,0.09701661193676964,0.0388151699821712,0.5842105263157895,0.475,0.4,0.43000000000000005,0.55,0.725,0.277,0.385,0.1646788194438107
203,hg89,L2,0.17817416127494962,0.019725209175684495,0.6580086580086578,0.7514029180695847,0.022544346912421527,0.10331117621951563,0.03888078956798696,0.761904761904762,0.6785714285714286,0.5714285714285714,0.6285714285714286,0.7619047619047619,0.9285714285714286,0.3909523809523809,0.43571428571428567,0.17817416127494962
204,hg90,L1,0.17440148800114416,0.02341376003101959,0.5021739130434782,0.6683389074693422,0.02927639739247445,0.1373184757205157,0.03718252217532834,0.7956521739130433,0.675,0.5700000000000001,0.65,0.85,0.9,0.344,0.505,0.17440148800114416
205,hg90,L2,0.2085369375458162,0.03305807401089697,0.6861111111111111,0.6319444444444444,0.027841666294715135,0.12135900979844577,0.04784165456619292,0.6611111111111111,0.5416666666666667,0.3333333333333333,0.4888888888888889,0.6388888888888888,0.8333333333333334,0.28833333333333333,0.33055555555555555,0.2085369375458162
206,hg91,L1,0.13102143203103886,0.03547358165943682,0.5404040404040406,0.6950757575757577,0.025083988453680078,0.11494927582038726,0.02859122047351177,0.8484848484848485,0.7361111111111112,0.7222222222222222,0.7222222222222222,0.8333333333333334,1.0,0.6111111111111112,0.6166666666666667,0.13102143203103886
207,hg91,L2,0.11097150309380599,0.011707753761080698,0.7173913043478262,0.8126262626262626,0.016850762237613823,0.0772198934715688,0.024215967281447245,0.8517786561264825,0.782608695652174,0.7391304347826086,0.782608695652174,0.8260869565217391,0.9456521739130435,0.6178260869565217,0.6565217391304348,0.11097150309380599
208,hg92,L1,0.15004616094893086,0.024231894701091414,0.7552631578947369,0.845945945945946,0.02382125588100062,0.10383444709350566,0.03442295012855939,0.8763157894736843,0.7368421052631579,0.6842105263157895,0.7368421052631579,1.0,1.0,0.5563157894736842,0.6763157894736842,0.15004616094893086
209,hg92,L2,0.08288944276699067,0.026352313834736494,0.6583333333333333,0.8247863247863249,0.021603123254866317,0.10360493950769796,0.017283643590076496,0.9270833333333334,0.8875,0.8150000000000001,0.85,0.95,1.0,0.723,0.8,0.08288944276699067
210,hg93,L1,0.07834947957294891,0.0297390766128506,0.6666666666666667,0.7595029239766082,0.021110422628938086,0.08956393796781639,0.01846714943615635,0.7836257309941521,0.7222222222222222,0.6666666666666666,0.7222222222222222,0.7777777777777778,0.8333333333333334,0.6666666666666666,0.6666666666666666,0.07834947957294891
211,hg93,L2,0.15274688726860502,0.028229954700369035,0.5590909090909091,0.7825086306098964,0.02612066363005094,0.11969991828718843,0.03333210347986996,0.8795454545454544,0.8625,0.755,0.85,0.9,0.95,0.3735,0.655,0.15274688726860502
212,hg94,L1,0.06956921756824529,0.014313972445220596,0.7386363636363636,0.8612750885478158,0.009058579384538891,0.04151162571841596,0.015181247883111223,0.943181818181818,0.9,0.855,0.9,0.95,1.0,0.7605,0.8025,0.06956921756824529
213,hg94,L2,0.09072853642915449,0.03795160418692951,0.6926406926406927,0.8063973063973063,0.0216041574125571,0.09900268666878423,0.01979858980376947,0.9415584415584416,0.9047619047619048,0.8571428571428571,0.9047619047619048,1.0,1.0,0.6590476190476191,0.8119047619047619,0.09072853642915449
214,hg95,L1,0.1628404533048044,0.026201123178887592,0.8260869565217392,0.8972826086956521,0.03121023985383893,0.13604228152654954,0.037358162098736644,0.9413043478260871,0.9565217391304348,0.8652173913043478,0.9565217391304348,1.0,1.0,0.3682608695652174,0.7978260869565218,0.1628404533048044
215,hg95,L2,0.09794478059053867,0.025266006840021425,0.7826086956521741,0.9106933019976499,0.020154014990805536,0.09453070953659193,0.020881897385195934,0.9702517162471397,1.0,0.9473684210526316,1.0,1.0,1.0,0.6073684210526316,0.9,0.09794478059053867
216,hg96,L1,0.027969857439216008,0.03533930125443806,0.8119047619047618,0.9291819291819289,0.012278501441464452,0.05491112776988733,0.006254250255506519,0.9428571428571427,0.95,0.9,0.9,0.95,0.95,0.9,0.9,0.027969857439216008
217,hg96,L2,0.03441236008058427,0.041700792750880684,0.781578947368421,0.9146666666666668,0.013063945294843615,0.05694441734416699,0.007894736842105265,0.9921052631578947,1.0,1.0,1.0,1.0,1.0,0.8721052631578947,0.9921052631578947,0.03441236008058427
218,hg97,L1,0.15771278900305694,0.030256039059250363,0.6746031746031745,0.7391304347826086,0.028585927648045725,0.12784015484184183,0.03526565171319166,0.806878306878307,0.7222222222222222,0.5555555555555556,0.6666666666666666,0.7777777777777778,0.9444444444444444,0.5111111111111111,0.5555555555555556,0.15771278900305694
219,hg97,L2,0.1614916265771865,0.023561528217919007,0.6068181818181818,0.7154663518299882,0.02678921333954247,0.1227635979367741,0.03524036204245235,0.775,0.675,0.55,0.65,0.8,0.9,0.42100000000000004,0.5025000000000001,0.1614916265771865
220,hg98,L1,0.13416754013917137,0.026746053789852627,0.6982097186700768,0.8267358857884489,0.02410188769956301,0.1130478739075248,0.028604615669341454,0.9156010230179028,0.8823529411764706,0.8235294117647058,0.8823529411764706,0.9411764705882352,1.0,0.4564705882352941,0.8235294117647058,0.13416754013917137
221,hg98,L2,0.17554920106866304,0.03451502499754587,0.6014492753623187,0.7189666036546944,0.029703250959321463,0.13932059641759176,0.03742721542349405,0.8019323671497586,0.75,0.5222222222222223,0.7222222222222222,0.8333333333333334,0.9722222222222222,0.4011111111111111,0.44999999999999996,0.17554920106866304
222,hg99,L1,0.08032023946008429,0.030759729594290006,0.6991341991341989,0.8749999999999999,0.016776554136582,0.07687982923141155,0.0175273131982293,0.9458874458874459,0.9047619047619048,0.9047619047619048,0.9047619047619048,1.0,1.0,0.6966666666666667,0.8142857142857143,0.08032023946008429
223,hg99,L2,0.1316824568464219,0.029683947992692333,0.6246498599439775,0.7978021978021979,0.028807142642304953,0.12882945837145354,0.029445092495278196,0.9103641456582633,0.8823529411764706,0.7058823529411765,0.8235294117647058,1.0,1.0,0.6,0.6470588235294118,0.1316824568464219
